286.7,251.93,299.56,291.19,340.98,202.22,262.91,157.16,306.87,355.34,317.25,227.61,324.81,249.69,276.29,322.85,170.6,223.76,255.74,306.95,271.62,276.48,253.1,419.58,310.91,218.03,317.95,134.17,353.37,132.49,330.84,167.06,272.14,193.35,304.24,239.45,255.85,412.15,215.1,348.95,232.68,259.03,379.25,322.27,319.72,370.92,245.53,275.86,316.38,304.08,353.85,161.22
222.54,197.09,176.55,330.18,256,211.84,273.47,162.74,199.82,310.34,163.35,396.07,193.23,283.89,235.69,275.63,317.5,375.89,375.31,257.18,274.94,305.44,407.28,352.59,169.91,235.07,206.87,220.18,339.41,254.07,403,325.7,310.97,438.64,259.78,314.4,331.92,241.57,301.3,185.82,362.24,424.46,310.02,130.37,423.26,195.74,196.51,225.86,268.49,187.93,507.27,220.79
351.51,337.13,226.93,221.64,408.89,340.03,208.61,267.71,279.74,333.75,358.16,360.03,358.03,309.28,408.94,227.31,437.67,336.73,392.82,271.93,232.17,326.62,322.15,323.12,302.67,336.81,323.84,232.47,189.49,320.85,300.26,323.52,181.07,241.32,302.24,384.64,201.66,297.29,303.64,308.41,229.52,229.08,248.39,292.8,322.88,436.7,172.83,359.19,362.93,280.6,219.65,262.91
263.66,329.46,305.42,339.4,282.1,330.01,280.84,416.85,237.13,340.6,450.17,246.02,292.94,343.21,294.36,356.51,309.17,386.23,272.29,163.48,344.66,261.93,291.25,333.28,148.27,262,330.13,123.73,207.48,229.1,252.93,335.71,192.27,278.78,333.4,321.68,292.43,327.89,401.24,296.9,404.84,417.38,253.21,259.61,331.57,233.77,168.73,307.41,319.19,302.05,218.63,259.63
362,300.81,273.95,246.54,261.72,290,309.74,237.33,216.2,291.01,299.59,290.32,243.54,168.4,275.5,350.16,418.16,325.04,312.04,321.16,295.63,229.39,243.99,205.25,277.37,301.1,348.35,258.45,218.87,311.37,184.49,212.8,172.34,292.1,311.39,215.27,271.05,334.48,304.6,267.84,292.4,275.58,195.54,324.33,343.7,306.06,313.15,316.3,312.5,255.15,316.67,323.5
386.94,166.18,177.61,335.04,369.38,310.61,201.68,246.67,360.8,376.53,338.79,181.93,320.43,148.02,304.13,279.2,342.44,278.65,213.32,266.21,279.03,180.14,310.01,224.37,368.07,322.85,251.91,207.63,166.81,352.22,382.62,307.05,245.4,322.13,291.73,307.53,412.05,273.24,296.3,203.33,235.89,361.81,248.31,155.07,328.35,329.34,325.14,347.39,239.74,313.61,269.68,319.36
224.85,307.06,272.95,427.62,279.37,318.17,320.95,251.75,373.07,317.2,361.83,239.1,229.65,326.9,337.14,332.23,358.46,293.1,280.06,212.4,294.51,328.49,378.09,235.49,322.55,341.35,366.79,278.33,210.08,257.73,230.95,286.59,169.79,240.39,245.31,343.18,358.32,325.57,240.55,245.94,164.56,383.09,155.13,347.53,205.56,291.67,271.19,344.53,388.47,269.49,383.56,184.9
190.92,334.66,327.04,298.79,169.5,343.48,375.72,298.85,275.56,212.92,272.56,362.45,294.13,287.1,328.45,232.68,259.86,198.22,173.41,262.25,350.83,257.94,351.9,227.35,280.08,234.46,320.39,328.74,248.87,226.18,79.79,181.68,350.23,432.84,317.44,290.57,326.37,168.53,363.92,301.02,227.44,288.14,292.52,295.14,356.54,296.83,296.36,391.92,124.44,316.21,184.55,304.04
400.39,165.7,295.84,232.2,347.73,310.61,201.13,331.92,345.44,219.51,245.64,388.62,262.68,352.14,395.59,355.31,388.9,255.58,352.07,397.23,371.28,418.43,165.42,345.55,301.43,305.12,371.6,288.67,332.71,224.42,300.69,329.13,290.81,255.41,359.45,401.84,321.45,202.54,289.79,280.61,105.48,267.27,333.32,338.69,142.57,268.23,346.82,242.3,337.1,213.29,356.11,389.26
346.41,275.03,284.6,241.83,256.31,332.7,293.78,298.7,350.19,329.74,304.39,358.83,292.61,195.08,281.26,422.78,271.35,203.18,301.74,255.73,348.57,374.41,281.53,359.06,263.6,251.45,183.74,255.11,389.59,308.01,240.88,244.27,253.62,350.57,288.82,301.36,299.77,279.81,169.68,386.07,173.75,98.557,255.65,340.01,285.57,268.91,276.72,315.89,316.43,344.11,233.41,219.72
347.25,265.41,237.39,205.12,213.27,260.51,328.76,208.91,397.59,395.02,377.51,295.38,257.2,363.49,289.44,308.15,364.58,160.03,371.24,251.11,164.03,268.48,221.54,224.89,218.87,332.15,234.24,246.7,298.25,189.15,351.78,97.438,259.89,244.53,338.99,317.14,330.68,251.54,421.38,253.67,288.11,237.84,379.62,219.12,184.88,265.39,435.9,268.64,233.76,288.63,304.09,266.73
322.59,176.92,184.75,31.967,293.67,391.7,304.99,296.69,348.69,263.28,244.13,307.33,340.08,364.15,207.68,270.6,152.43,273.94,233.02,318.61,320.43,358.01,384.07,394.31,144.16,290.46,195.69,340.75,244.19,241.75,246.62,221.97,261.37,366.15,342.5,295.41,269.18,63.949,242.71,313.18,317.48,309.56,210.92,280.94,235.67,374.37,388.08,351.64,278.12,333.95,224.28,388.72
343.46,260.09,333.33,282.75,331.38,237.73,305.49,238.81,191.57,238.49,252.85,342.44,210.78,332.94,221.78,363.89,294.07,277.45,201.28,205.68,271.96,379.31,292.05,215.06,351.96,280.34,350.39,247.9,301.49,186.67,228.33,337.99,326.22,374.03,324.28,300.79,340.36,345.32,369.16,401.73,342.29,276.76,192.33,240.18,228.78,247.32,393.29,221.77,335.97,181.04,266.15,281.86
247.37,360.79,263.89,376.99,239.9,202.4,331.54,424.19,384.17,365.24,334.55,409.04,386.69,265.18,298.18,224.3,276.85,344.88,317.21,214.75,377.99,360.17,372.44,310.64,357.77,324.77,327.5,283.35,261.33,189.59,279.05,241.2,235.3,262.01,317.64,189.24,300.9,264.79,163.32,111.89,352.21,256.26,335.51,307.71,248.18,346.91,346.77,299.36,359.36,315.22,341.1,204.62
365.2,162.48,252.68,331.86,254.76,321.38,328.64,242.27,344.15,307.03,290.97,354.71,274.86,214.83,331.63,340.93,230.94,392.6,207.3,225.77,326.45,131.92,192.28,260.13,372.61,387.72,228.01,239.37,315.21,357.25,472.77,312.12,345.99,257.18,216.7,297.38,306.88,229.94,372.29,390.04,316.84,387.12,249.58,191.21,195.09,317.13,262.96,319.95,365.62,326.8,331.39,165.73
250.06,271.74,399.05,301.45,174.62,406.15,323.5,288.99,253.08,375,227.1,445.58,274.77,217.95,190.48,265.33,291.35,260.41,236.62,328.7,232.23,307.74,268.74,333.52,175.68,356.94,213.7,226.6,360.72,412.01,257.55,303.09,201.66,171.96,372.37,341.77,285.37,250.61,198.46,247.77,395.43,270.6,328.84,294.65,191.74,164.71,363.48,303.88,492.75,277.08,334.71,298.43
241.23,229.1,215.45,360.72,247.69,218.11,275.27,239.14,279.69,153.44,201.79,292.24,232.23,241.46,420.88,380.13,271.78,201.21,220.05,447.19,278.44,307.15,289.95,369.2,232.46,234.62,159.16,177.94,307.25,281.54,343.23,250.93,320.71,341.78,426.51,281.64,274.61,294.21,293.2,275.56,422.79,376.99,250.52,347.41,377.38,220.69,210.67,263,304.41,296.46,280.39,301.99
219.23,224.58,312.82,273.57,257.94,164.58,302.96,315.23,187.63,273.39,285.98,346.21,234.57,241.76,229.19,159.72,292.5,310.34,230.02,219.18,202.94,273.62,364.54,84.333,124.71,362.61,236.15,283.24,372.65,397.48,290.03,335.17,301.43,321.92,261.25,179.44,328.78,332.87,258.87,246.92,183.2,249.22,244.79,260.73,406.49,313.29,258.85,309.28,308.91,371.62,350.2,359.44
299.65,314.1,364.26,294.25,175.57,300.15,220.09,282.45,253.16,238.07,369.39,260.25,287.84,293.07,184.96,371.91,277.26,345.5,307.39,369.11,234.49,164.15,250.86,241.86,200.45,369.95,355.37,347.13,157.11,163.03,399.94,293.7,325.54,263.19,164.46,283.83,268.72,480.85,204.76,260.27,218.3,430.59,338.72,200.25,311,195.11,264.89,506.48,312.19,210.35,304.82,239.42
214.31,220.96,296.23,343.62,282.65,194.81,233.06,415.42,240.65,255.12,378.23,192.26,338.61,256.41,235.71,357.25,297.98,311.61,312.07,303.45,226.31,204.48,325.54,248.73,408.44,266.53,315.27,422.97,284.52,313.51,274.03,398.05,306.26,371.65,262.05,171.8,285.66,374.4,342.21,271.72,287.64,220.83,338.45,229.44,311.76,206.34,294.23,401.54,296.57,317.27,268.29,197.17
380.57,395.17,312.82,315.49,311.34,187.65,297.42,340.23,199.2,366.91,225.26,280.51,225.46,264.24,357.19,222.79,318.59,273.53,303.29,257.7,375.4,397.44,292.33,148.95,292.34,386.81,299.21,261.72,280.58,71.923,272,254.42,259.8,283.31,188.14,173.76,330.51,237.92,252.78,338.85,264.91,338.28,304.81,265.78,279.61,216.65,332.49,361,337.88,314.76,237.47,168.76
250.97,377.34,332.43,256.7,218.1,212.39,222.77,269.57,259.78,229.51,208.37,282.86,303.11,274.97,155.15,169.33,317.52,261.54,207.2,460.45,366.84,333.04,286.65,277.61,438.9,221.04,347.81,325.6,331.67,281.61,417.63,366.51,178.03,310.64,329.65,275.34,301.44,381.71,303.99,410.21,222.74,254.69,268.88,321.89,317.57,355.41,331.28,311.12,338.22,384.32,346.33,170.35
224.76,149.14,423.54,263.63,281.84,160.08,232.2,356.03,210.36,413.71,180.91,198.59,318.8,178.36,109.97,323.81,201.56,251.57,252.91,377.01,298.87,291.93,301.02,140.11,243.76,292.53,260.63,237.32,296.11,106.1,136.89,271.09,159.98,243.51,251.81,263.11,308.01,292.95,345.63,276.28,366.05,346.72,303.43,427.3,280.75,323.41,296.17,382.71,194.44,223.14,265.37,278.33
274.45,252.4,226.43,177.94,171.12,344,137.24,309.95,292.75,321.13,210.65,305.13,288.37,347.11,244.32,421.76,364.87,301.31,289.9,219.73,331.61,327.13,349.16,286.57,353.17,244.08,175.45,214.52,394.3,334.35,198.01,270.1,312.17,268.54,401.13,284.26,264.9,247.66,256.26,279.54,140.77,350.14,275.8,406.19,369.42,204.13,328.3,210.76,213.14,261.95,182.36,205.78
298.54,194.54,173.65,389.88,362.64,369.48,325.84,282.77,382.88,408.05,250.64,433.97,167.98,173.09,245.77,250.27,324.58,339.39,236.75,356.3,338.09,183.23,329.99,365.38,214.58,248.04,359.73,445.87,262.89,264.53,325.95,269.32,225.94,197.97,168.46,422.78,317.54,310.53,312.14,230.6,326.33,373.63,170.67,313.96,299.76,309.53,287.08,316.39,208.36,323.8,301.85,262.17
323.01,249.65,253.75,320.47,256.57,176.28,172.43,231.23,422.28,453.17,283.05,175.94,288.22,337.51,473.04,412.05,259.01,201.65,252.37,206.35,383.52,257.37,275.02,224.91,335.32,221.44,340.12,216.06,307.91,253.02,341.04,235.32,235.81,215.66,278.55,251.93,247.94,355.04,380.94,262.59,425.5,348.85,412.35,215.41,251.57,355.22,335.91,384.87,312.43,314,264.88,248.36
334.26,301.34,285.25,323.94,233.74,215.35,335.47,308.36,161.29,234.2,143.85,337.14,321.43,298.86,322.72,239.82,253.65,291.4,364.95,327.38,283.92,368.58,284.53,245.24,353.16,310.54,208.72,209.2,235.2,352.91,331.2,291.85,274.99,301.73,385.04,342.05,249.25,274.61,326.36,260.62,368.84,313.17,391.1,270.68,258.82,431.7,174.52,233.86,347.99,381.32,203.52,346.68
345.78,383.55,343.48,313.56,229.74,381.67,341.01,221.17,334.18,234.67,192.63,256.44,291.47,373.02,272.01,296.64,312.95,203.8,266.6,263.91,235.9,202,208.18,263.55,240.97,392.92,236.36,289.73,260.98,402.07,391.77,247.51,339.75,241.48,353.81,443.54,262.43,231.57,200.92,369.99,328.85,348.57,271.07,222.94,245.48,243.32,224.12,288.82,267.52,367.13,252.31,345.61
215.32,426.18,299.96,285.97,258.74,249.22,252.9,262.41,380.77,326.38,288.45,215.41,165.71,418.56,277.4,277.81,206.4,331.94,222.65,351.5,118.01,318.14,301.06,323.9,264.09,114.17,218.57,483.24,358.27,230.33,322.69,321.34,110.3,264.86,141.83,371.48,356.16,394.77,434.95,293.62,249.88,309.16,303.69,275.88,274.84,214.41,291.15,190.69,306.86,332.38,336.08,352.57
325.93,351.22,286.92,260.27,388.3,155.11,208.05,230.52,330.07,189.28,284.68,323.97,263.79,336.48,333.67,459.61,186.45,249.31,358.35,277.02,269.47,237.06,371.85,343.45,350.72,302.22,159.15,440.96,230.41,328.07,402.52,298.65,279.56,339.2,263.19,235.87,127.82,272.82,298.86,396.69,337.81,362.76,272.36,388.14,354.33,262.91,294.68,183.17,225.72,313.61,229.44,273.26
376.4,237.82,279.7,210.41,340.72,327.77,179.75,225.81,247.92,97.286,196.59,231.2,327.51,271.41,206.04,269.15,341.33,278.38,192.96,504.26,305.61,397.03,481.63,377.42,279.73,140.36,177.36,254.19,298.59,418.93,460.44,349.59,197.68,273.72,448.62,289.51,283.24,216.95,312.5,248.73,319.17,369.66,414.92,286.65,464.95,417.96,226.94,407.84,322.93,221.76,379.29,356.16
330.38,295.45,210.51,461.14,380.99,410.3,323.18,258.51,373.56,188.54,320.85,235.85,290.05,335.81,354.98,262.53,266.5,106.86,181.78,436.82,313.5,327.82,196.49,258.59,142.46,172.56,177.03,150.37,187.3,197.83,230.68,376.09,431.74,230.86,308.91,275.96,202.96,214.03,152.38,350.92,285.63,365.25,233.86,258.51,326.14,286.48,391.42,225.24,394.92,263.9,277.4,255.38
248.94,408.91,230.16,380.25,277.75,282.91,298.44,282.54,192.31,215.95,319.16,267.66,301.07,336.5,298.53,256.57,281.86,385.86,336.39,345.66,352.98,356.65,232.54,467.14,276.78,290.84,179.56,365.94,329.02,301.67,332.35,350.16,313.66,105.84,280.11,275.91,319.19,266.21,298.26,294.81,275.28,336.44,293.97,351,245.06,402.25,226.5,267.09,181.07,241.31,378.9,321.91
219.07,324.27,236.03,135.99,248.9,431.01,303.36,145.23,339.08,428.97,284.86,277.06,331.48,227.98,310.13,471.75,224.55,293.24,317.95,320.05,351.04,272.9,234.03,283.31,148.46,272.1,448.47,247.24,314.55,325.11,317.22,293.53,241.21,314.21,306.22,300.44,332.71,275.61,202.04,232.42,339.18,363.45,242.11,190.7,213.52,362.07,355.29,345.65,359.32,285.76,299.46,340.68
355.62,475.23,217.1,296.11,320.17,202.86,178.85,299.83,236.03,287.85,217.77,280.69,295.3,124.82,343.61,139.7,306.62,289.45,304.9,399.92,174.57,237.33,231.8,401.9,384.63,339.9,173.34,253.99,326.51,313.79,240.09,398.78,245.42,316.35,434.99,415.43,273.43,343.44,411.63,217.9,358.78,425.22,362.1,378.95,287.96,193.34,234.42,401.89,293.16,348.77,213.17,157.26
136.94,308.4,131.05,392.58,371.74,310.02,363.21,280.16,155.75,278.78,239.06,378.89,312.91,317.61,260.9,223.5,308.03,256.32,388.07,261.42,230.61,272.14,365.72,247.05,280.98,181.49,296.64,260.29,255.55,298.26,289.8,287.67,504.28,363.18,409.46,407.79,267.17,252.81,167.74,217.67,267.29,281.22,311.26,298.92,201.98,264.08,412.95,266.07,221.4,269.46,312.09,259.85
256.97,263,373.84,348.65,233.54,233.84,161.84,369.48,280.07,270.32,300.82,193.71,221.12,301.15,264.58,138.92,231.95,307.02,365.41,294.26,298.36,253.09,303.06,327.13,222.47,364.12,167.51,284.54,271.1,407.17,265.18,521.94,268.05,235.93,456.68,286.52,269.29,298.42,215.22,182.03,241.14,292.93,370.69,375.76,322.82,374.82,478.19,335.15,357.81,266.02,374.89,206.07
263.86,225.54,247.33,432.46,273,256.93,362.97,264.97,311.17,328.01,224.92,262.13,427.48,297.83,353.82,380.62,329.82,296.99,381.12,196.29,375.71,134.71,195.92,256.74,281.64,169.21,344.36,282.31,208.09,201.17,217.94,227,278.65,283.92,245.22,281.7,240.72,300.71,400.53,350.51,258.08,298.44,276.24,256.77,265.04,368.72,248.16,301.7,332.68,212.69,178.27,343.88
315.92,249.02,370.05,310.9,258.23,255.78,251.36,208.31,486.45,122.63,307.72,288.27,194.69,277.26,316.21,362.48,296.06,330.13,415.18,279.94,246.22,184,349.57,250.86,391.23,293.1,278.09,246.93,250.42,196.18,331.42,257.36,334.29,165.12,312.87,221.48,174.29,270.8,332.55,362.76,377.35,260.39,218.24,507.97,247.98,236.73,322.29,209.94,239.51,177.17,273.39,206.27
316.03,301.52,235.77,260.06,246.48,300.08,240.39,307.5,226.43,330.33,275.89,139.61,301.67,356.27,379.37,304.45,394.84,337.9,440.16,307.09,322.54,319.38,328.18,347.99,364.91,216.6,194.33,384.43,357.72,226.7,284.3,421.51,204.31,311.64,187.8,300.38,310.1,274.7,356,278.02,373.65,367.12,267.94,306.69,303.08,357.76,377.82,345.26,289.86,223.78,195.06,367.38
432.19,307.46,282.92,355.54,166.49,269.13,143.54,318.78,289.97,311.62,256.97,153.21,359.69,240.64,300.84,356.58,329.27,228.16,269.11,272.27,359.48,380.81,211.18,214.49,297.31,287.77,302.41,212.11,191.05,282.15,377.21,333.6,279.31,260.18,206.8,352.9,349.66,275.89,315.88,307.57,354.89,406.48,160.73,265.66,282.04,195.63,266.88,346.6,233.12,136.07,214.21,308.63
232.8,356.31,247.56,304.57,244.78,333.49,169.43,406.43,272.06,277.89,184.88,287.74,282.78,200.8,330.94,433.19,373.84,283.31,328.14,303.33,318.23,138.77,222.39,267.33,333.65,314.21,280.48,131.89,184.93,384.55,297.79,289.12,263.5,497.66,238.42,277.61,326.63,383.44,278.43,357.67,359.72,306.77,192.98,345.89,295.37,399.88,227.28,287.61,251.51,155.07,212.11,146.6
409.97,305.32,331.23,302.74,368.69,397.22,258.63,218.33,367.65,450.01,272.03,233.09,311.93,219.91,231.73,336.68,272.03,325.9,251.6,330.13,312.62,325.25,372.57,350.84,176.74,419.47,198.24,160.62,356.88,231.53,151.17,284.74,420.52,352.46,337.87,210.82,229.71,354.39,383.51,368.18,327.99,214.28,274.51,376.71,389.76,316.96,296.06,313.15,254.14,350.18,304.81,322.54
277.87,311.63,243.98,404.78,268.51,339.63,148,360.42,262.21,333.44,257.92,337.91,250.22,257.62,219,180.25,319.24,368.43,299.97,241.07,205.8,217.96,416.82,295.66,210.47,207.65,234.67,272.72,434.88,291.53,198.5,235.98,217.23,385.84,434.34,400.39,263.71,376.21,285.33,279.13,210.18,270.67,232.23,271.78,242.59,264.33,174.48,326.83,196.33,312.81,243.58,227.54
154.86,266.47,354.3,409.24,327.24,196.87,272.77,367.72,324.68,243.56,304.86,353.27,260.64,234.42,230.28,325.47,323.87,253.21,179.25,296.04,268.82,293.96,390.43,309.89,228.16,442.36,239.6,252.56,327.74,189.5,297.95,285.01,436.3,377.93,316.33,209.63,325.32,262.19,249.98,154.04,123.02,312.83,320.26,260.65,333.54,310.65,188.07,199.45,372.58,320.83,264.96,212.59
306.47,305.53,154.57,355.72,292.25,311.92,192.8,406.4,348.01,228.41,273.17,243.52,317.81,345.94,314.38,321.91,326.42,210.1,339.16,225.12,332.14,209.1,367.01,318.09,344.89,239.28,344.33,233.7,261.01,268.38,324.65,379.95,271.01,272.99,310.05,239.44,392.56,363.74,355.67,254.48,173.85,225.63,318.49,241.96,310.23,239.3,302.38,274.43,316.19,167.92,382.65,273.58
315.52,421.65,288.64,370.35,264.26,361.7,321.34,288.48,267.4,327.71,220.43,222.01,358.42,335.22,328.7,259.84,288.63,182.59,193.95,317.68,210.63,297.69,175.72,255.73,220.3,327.89,288.53,307.46,205.38,202.34,197.34,364.92,331.25,301.37,231.08,210.44,359.19,323.6,208.85,406.49,160.91,311.28,336.42,298.9,218.42,306.09,272.61,302.39,265.19,324.83,251.77,194.35
353.32,358.14,348.24,172.55,319.65,209.75,352.13,355.92,360.85,418.67,185.18,315.7,401.42,290.15,289.82,237.4,367.68,306.99,375.06,213.57,228.07,290.89,301.8,219.58,314.45,267.84,379.38,291.84,306.8,223.45,167.32,120.57,432.45,330.71,394.78,277.29,175.46,205.96,202.8,114.82,337.18,219.38,309.23,298.29,239.81,379.18,310.27,177.67,281.57,309.2,251.73,311.95
379.48,319.78,367.27,426.12,407.54,313.14,405.2,177.3,290.68,333.24,312.35,268.3,136.25,290.48,197.91,243.35,347.67,226.68,348.53,232.57,427.93,363.26,207.67,341.17,451.19,97.234,252.79,195.71,312.17,351.12,301.91,288.39,311.74,211.29,215.03,343.73,248.99,396.39,360.88,218.82,314.52,340.11,301.84,245.5,362.7,511.57,292.94,325.4,404.22,254.99,226.68,299.13
131.61,226.7,222.75,361.1,250.94,222.88,250.94,247.84,376.26,261.97,217.43,339.92,316.61,343.07,244.72,189.54,307.52,283.9,284.07,253.85,313.37,294.62,274.72,262.06,113.01,376.28,342.65,283.61,454.28,375.61,249.41,173.39,210.23,204.81,325.62,293.84,393.52,202.13,309.44,302.49,258.47,197.63,362.33,433.95,351.5,336.15,200.89,331.71,395.84,350.89,298.6,267.1
329.92,214.76,187.67,166.01,266.61,227.08,374.41,275.7,347.74,127.4,242.77,219.1,345.54,323.37,495.76,430.68,393.88,258.25,92.585,330.29,283.08,267.34,409.73,68.159,251.67,138.67,196.24,317.13,359.94,266.4,227.79,406.55,321.43,354.82,367.74,384.36,473.01,342,338.8,314.42,330.8,286.42,288.47,305.47,124.09,374.91,338.23,310.42,347.02,248.57,218.28,331.23
370.89,329.28,266.43,178.03,354.27,330.24,385.98,325.96,260.44,322.33,304.48,185.51,259.51,242.63,251.03,268.38,220.63,305.47,311.67,257.45,258.19,421.86,389.07,210.04,331.49,253.49,260.55,233.95,180.98,373.53,148.94,279.01,304.1,168.5,348.62,301.91,274.82,250.78,266.57,334.19,152.38,321.06,184.8,280.16,368.03,362.57,223.75,309.94,195.88,282.75,379.34,153.74
413.29,340.15,192.34,415.95,334.62,352.8,309.71,284.68,371.62,205.33,164.97,273.64,284.55,215.82,304.18,338.12,357.33,382.42,275.93,254.29,277.72,258.03,281.72,361.12,281.48,287.66,185.38,221.65,428.78,255.28,126.17,270.24,199.82,234.84,320.68,388.83,373.09,165.66,414.2,168.26,411.69,223.7,269.68,481.22,332.74,422.97,307.26,463.87,305.5,263.29,134.24,383.7
323.86,270.01,410.31,411.96,216.58,266.57,193.6,355.99,268.15,313.04,255.4,354.79,305.46,315.19,383.16,276.32,124.77,354.82,321.59,325.23,326.46,347.4,375.62,295.62,238.26,380.47,256.33,222.83,352.14,359.05,252.32,367.63,310.45,424.47,288.57,286.12,293.25,447.37,253.32,271.09,311.15,323.57,209.21,249.82,171.72,231.15,276.83,247.15,129.89,270.66,203.4,214.14
289.61,271.68,280.45,299.12,300.29,246.03,365.95,431.76,194.56,199.86,274.5,132.61,246.88,124.13,220.66,193.41,307,260.31,312.67,345.21,354.91,202.91,372.42,270.98,381.43,365.95,255.31,419.66,370.78,308.64,257.18,310.89,406.05,231.05,221.29,312.96,319.65,345.02,328.68,214.46,443.53,341.01,316.56,325.38,328.15,349.98,330.95,255.25,229.51,179.8,216.69,236.46
401.6,356.35,336.17,385.64,350.81,258.63,206.3,333.21,403.13,167.59,214.38,163.81,226.91,208.56,408.03,236.76,218,337.46,370.13,197.09,235.19,240.61,258.84,279.7,273.45,281.63,302.72,293.01,288.79,343.73,248.55,302.79,293.55,153.7,309.58,242.14,299.35,250.63,364.01,221.12,215.01,244.37,256.66,327.11,268.64,150.72,373.18,262.4,288.59,251.49,316.03,268.01
234.65,249.26,461.22,280.66,256.67,242.48,318.7,264,331.71,309.36,275.55,221.71,349.91,340.91,266.63,205.21,412.18,382.72,365.13,279.64,384.1,374.54,306.22,289.71,249.29,251.92,192.02,413.65,343.84,310.77,164.52,377.23,277.12,312.36,367.51,341.94,395.64,176.98,112.35,232.94,306.19,211.51,257.13,267.21,338.83,251.76,268.37,299.03,319.97,225.32,246.93,217.92
182.67,323.51,281.72,327.99,301.48,414.11,242.43,270.76,393.53,364.05,117.52,354.63,401.6,300.16,268.81,311.81,205.99,324.64,192.75,273.52,340.18,321.43,119.1,277.24,243.34,256.75,273.21,237.02,262.68,245.66,257.58,345.28,284.86,243.6,265.64,333.85,335.85,336.45,331.52,257.53,364.05,119.4,260.94,300.81,361.49,275.32,280.8,322.1,403.01,240.98,282.54,315.19
325.46,303.93,337.75,198.92,275.49,251.83,356.38,301.22,195.63,325.82,295.5,324.54,241.57,218.94,336.94,291.22,261.86,200.84,221.86,358.33,289.39,267.12,203.26,340.65,199.07,301.59,240.5,287.32,243.94,176.76,219.43,210.3,473.19,352.38,228.63,398.35,417.57,252.46,231.92,105.98,266.43,246.37,408.55,229.37,353.98,165.45,254.67,256.06,305.04,282.13,157.49,255.56
298.87,178.86,210.33,363.31,325.01,365.79,239.6,140.04,269.51,263.43,311.72,362.03,340,376.46,296.02,290.13,329.91,353.69,266.59,348.43,236.16,262.6,311.3,294.14,111.34,395.71,349.37,339.86,286.37,294.97,211.1,306.2,324.86,324.94,236.24,285.41,295.97,279.88,140.8,331,315.78,322.74,252.29,343.03,260.65,217.76,220.63,379.29,242.25,232.69,346.56,199.65
268.96,267.88,229.96,357.25,300.58,343.24,227.81,260.99,351.15,181.93,268.37,285.47,326.13,313.18,205.48,157.44,315.17,255.9,298.48,365.64,283.79,300.38,373.05,354.57,334.87,228.36,276.85,248.8,317.66,341.83,192.93,267.96,305.38,309.52,292.77,163.73,266.08,342.41,429.1,341.82,175.83,316.61,361.82,327.49,219.53,249.44,313.43,382.69,282.24,286.98,370.07,370.29
313.76,204.81,250.44,333.01,356.68,326.54,256.29,305.52,189.66,347,246.4,414.67,257.05,262.22,255.8,431.97,322.77,176.9,194.51,366.41,306.85,335.79,203.17,238.5,311.94,161.44,288.5,320.09,217.04,263.66,371.22,392.51,212.54,315.39,298.33,208.72,355.11,250.19,332.36,198.42,286.3,337.45,322.74,252.03,326.7,234.27,207.4,310.51,340.94,318.15,218.25,330.76
298.81,289.94,267.08,269.24,360.18,249.09,233.39,300.27,324.28,274.83,402.67,353.41,372.68,370.55,269.59,88.56,378.35,251.08,428.62,308.46,207.36,193.28,248.06,277.57,324.51,221.06,389.23,353.27,259.67,137.67,282.67,306.83,346.33,250.08,231.28,337.61,352.61,255.09,321.22,278.46,294.78,291.65,222.51,219.38,297.91,316.04,198.66,332.32,226.35,372.01,271.43,246.72
355.34,273.07,290.34,153.44,181.43,319.68,231.5,304.89,318.93,155.84,339.85,330.31,253.39,345.89,203.41,381.5,273.19,150.48,186.7,243.52,314.43,202.25,261.86,344.79,243.74,228.4,371.85,250.57,301.92,307.05,308.93,259.02,253.46,218.29,406.01,281.2,202.89,370.56,330.7,213.98,171.16,317.94,308.44,303.36,132.36,327.46,321.96,372.94,307.47,225.87,224.54,185.57
402.65,257.04,230.08,174.19,378.31,350.29,239.89,356.63,245.57,247.54,259.47,193.78,224.39,287.39,261.2,269.1,318.72,339.11,317.27,222.93,348.6,330.11,305.31,445.25,471.51,390.94,206.47,324.33,355.68,351.39,280.82,468.11,226.38,269.89,210.84,238.59,261.36,259.04,358.62,283.56,294.15,287.96,392.28,369.55,210.42,326.35,345.22,253.22,207.22,280.37,272.77,283.45
280.9,257.76,165.64,225.73,256.57,238.19,178.44,270.54,475.63,316.79,226.78,261.03,344.35,323.97,348.02,432.97,199.04,298.07,246.58,265.97,242.77,242.51,249.02,123.34,254.78,211.42,296,300.88,323.93,289.7,256.99,281.66,248.07,329.2,371.05,233.23,280.66,250.22,271.38,265.9,406.81,357.38,229.04,378.29,327.87,218.43,365.09,158.44,304.13,415.38,191.89,231.55
201.81,307.11,165.69,281.44,180.31,288.17,286.85,310.83,298.45,186.29,325.01,350.42,288.37,409.92,205.95,406.66,295.08,197.83,282.7,240.51,297.42,386.56,273.14,121.37,330.56,258.94,307.23,287.33,339.5,345.5,269.25,291.72,294.24,288.96,354.21,332.85,250.68,280.45,290.57,245.71,341.99,200.47,286.1,225.22,297.48,274.27,201.3,294.66,244.51,299.31,346.75,363.09
290.44,297.12,311.92,301.59,396.51,293.25,413.84,282.92,265.21,185.51,332.74,281.97,327.17,228.89,403.54,348.56,315.75,259.84,317.74,275.37,378.6,200.03,283.97,389.72,438.33,299.23,320.64,303.8,196.84,235.14,292.52,249.03,288.92,335.38,349.82,192.66,254.52,268.13,384.81,314.1,215.52,244.99,235.21,259.53,355.31,299.38,251.54,333.94,333.84,116.64,271.48,449.28
316.07,228.75,264.11,364.3,262.13,330.78,278.95,286.77,266.22,262.52,280.72,342.37,359.93,235.14,280.55,257.63,225.91,399.28,299.69,281.46,433.58,308.19,286.82,273.21,269.73,211.12,306.08,420.63,111.68,364.52,347.68,382.51,316.09,303.6,352.7,231.29,69.609,297.82,252.94,373.02,161.91,201.46,285.68,309.94,347.43,321.01,352.98,291.77,286.13,346.33,266.39,155.72
428.04,355.82,307.21,261.52,306.05,360.27,369.08,365.34,219.16,332.25,251.23,240.15,155.89,333.14,379.16,130.65,204.21,426.15,254.12,378.89,244.18,373.04,246.16,328.2,209.82,207.52,350.43,275.91,299.92,327.72,427.39,226.81,185.46,237.64,383.23,209.07,295.33,356.45,451.91,312.69,243.22,309.05,302.36,432.64,175.31,392.4,390.71,366.13,311.86,361.54,155.61,239.18
367.28,383.67,218.25,341.92,247.29,171.68,407.25,260.24,347.97,156.73,297.77,441.47,298.01,376.03,241.08,358.63,263.76,341.12,280.18,314.8,331.73,231.67,298.17,246.58,354.58,293.4,308.15,343.61,346.48,318.32,341.73,233.04,436.28,411.62,466.78,172.01,305.61,264.61,233.27,392.06,312.26,140.79,338.91,213.71,398.34,194.68,310.98,279.39,273.21,330.11,220.15,293.48
430.34,338,248.65,261.31,359.29,275.63,397.43,341.61,266.5,357.84,180.01,387.36,264.57,314.62,247.81,308.98,416.34,256.01,305.91,231.83,276.23,303.2,294.84,376.16,380.74,355.18,283.4,275.8,392.1,231.86,315.93,255.3,360.84,321.9,279.13,371.24,358.3,306.79,133.78,234,204.03,284.44,236.38,115.23,261.63,175.71,265.51,297.98,409.65,191.31,276.61,385.88
273.7,389.76,287.61,215.24,248.62,367.84,255.89,393.27,243.75,262.26,299.02,349.41,370.56,254.46,390.88,250.98,368.45,251.83,277.36,128.9,299.73,264.25,330.7,378.34,309.26,258.09,395.5,172.04,247.32,370.04,233.4,348.61,224.31,271.37,242.15,235.57,254.13,341.46,163.16,303.96,185.12,265.91,281.23,375.25,207.98,269.05,367.93,201.78,157.02,327,254.52,408.51
214.27,290.13,314.35,287.69,276.47,209.42,247.98,338.31,366.69,298.37,314.04,327.99,432.76,245.98,281.53,200.25,222.47,297.88,322.93,327.08,319.83,218.82,331.87,252.3,265.46,123.63,211.79,154.79,262.57,220.71,255.25,306.87,187.81,341.52,353.87,275.07,273.65,275.52,331.1,294.03,233.67,230.52,252.65,244.7,256.05,298.53,244.11,349.77,266.25,315.1,258.17,336.27
195.61,177.58,234.96,449.39,408.21,339.75,274.34,253.81,269.89,305.69,395.81,335.53,391.06,203.89,128.7,262.09,198.24,305.26,189.27,319.25,252.18,310.41,275.9,387.87,208.43,264.48,183.21,169.76,382.46,263.59,293.02,241.99,309.92,274.03,298.33,221.48,263.45,395.38,341.84,301.9,225.53,305.01,134.86,358.88,267.66,290.67,441.15,329.08,369.79,358.34,262.7,283.62
291.07,261.49,271.19,153.02,292.16,276.87,171.62,246.78,191.55,300.58,212.1,317.68,276.55,323.73,340.29,208.49,275.76,165.57,224.67,288.66,246.2,349.28,199.71,239.84,398.26,343.7,150.46,282.51,294.87,202.99,425.62,238.15,343.31,361.43,325.59,300.8,328.63,214.79,214.23,264.73,123.21,259.27,463.23,312.63,308.38,273.13,280.35,235.76,386.78,261.5,310.74,223.04
224.18,244.08,240.24,180.46,283.47,182.82,293.75,323.54,338.03,352.72,413.79,227.58,226.97,370.66,390.29,255.78,238.96,251.13,183.17,305.96,335.13,454.54,261.52,276.18,314.54,308.19,450.93,312.24,433.53,351.16,394.46,217.02,398.59,224.21,383.26,203.84,485.59,338.24,305.05,275.99,292.71,297.45,297.05,311.95,211.49,257.91,320.61,291.33,259.55,338.82,353.03,264.06
216.34,364.36,269.45,244.74,414.64,365.53,222.52,412.87,166.85,330.17,363.46,270.22,171.88,241.45,247.8,334.38,284.78,289.23,357.21,241.16,229.24,267.69,191.42,202.94,270.73,232.73,226.03,260.14,379.9,377.68,305.01,303.32,232.93,214.12,239.34,368.03,356.36,348.59,260.84,359.12,290.83,207.49,365.16,238.91,245.1,245.28,371.56,199.31,309.91,300.44,337.32,330.71
361,363.77,260.28,365.72,295.65,376.32,385.4,353.2,263.37,306.11,292.66,303.37,241.39,293.51,286.91,384.78,303.8,162.87,223.31,306.52,203.44,264.46,367.6,332.02,259.84,341.24,245.1,220.59,339.17,359.46,150.86,341.05,176.78,315.34,407.08,304.14,349.74,244.65,219.69,175.08,351.48,254.37,356.63,295.1,205.62,348.65,320.98,293.51,227.12,192.12,360.9,343.53
441.74,367.05,277.46,174.68,256.6,431.39,319.35,319.41,408.69,225.16,253.27,204.59,374.56,418.17,368.18,191.21,341.67,254.34,302.45,246.82,349.62,217.34,316.16,406.73,213.74,385.93,193.01,195.01,346.66,258.76,410.5,328.05,357.78,220.22,240.3,438.52,332.21,179.7,179.58,165.41,269.5,478.65,155.75,297.93,425.84,358.03,445.35,162.06,282.34,239.49,249.74,380.74
245.26,308.38,374.44,325.75,389.55,243.02,353.84,179.08,324.96,317.82,259.05,331.72,117.36,419.69,220.37,318.77,331.93,170.52,253.78,169.28,343.85,293.5,375.19,216.53,352.22,305.88,276.78,368.31,178.27,247.87,258.66,223.71,252.09,451.52,328.39,307.08,301.79,268.96,295.64,337.32,278.38,181.26,333.16,182.96,306.55,340.03,253.63,321.74,412.87,295.93,278.81,377.16
244.46,407.43,424.51,303.91,331.66,215.75,281.92,413.07,309.51,277.31,422.01,256.97,283.43,286.31,398,339.03,256.8,341.72,251.87,422.42,126.29,318.08,367.83,290.31,202.43,355.16,250.51,341.33,269.28,330.83,274.46,352.41,244.32,459.65,379.99,343.43,241.38,343.8,264.48,413.89,341.47,388.01,275.14,253.55,306.6,256.62,236.55,383.3,215.79,304.93,406.23,206.01
371.56,281.24,220.53,202.63,331.66,499.04,341.32,258.2,438.56,237.23,264.29,354.07,132.01,212.92,300.25,318.3,218.28,303.46,298.15,290.67,352.72,263.24,314.18,247.88,209.29,316.42,6.0673,254.15,244.48,317.5,311.27,366.19,249.18,292.94,259.05,412.97,278.4,222.78,405.32,158.97,241.3,220.1,240.9,244.76,390.46,308.21,474.77,250.69,282.29,284.79,375.63,304.08
283.8,276.45,384.06,319.57,267.96,296.11,447.86,397.28,260.38,267.54,324.85,222.89,270,208.47,153,257.33,279.28,325.75,280.89,162.06,332.06,233.99,198.2,383.13,321.66,291.59,299.81,409.87,250.53,245.87,170.11,366.49,326.37,321.09,214.86,260.8,302.94,327.08,260.64,150.38,219.01,304.44,274.24,400.07,158.28,183.35,308.52,193.11,367.36,333.89,273.11,193.54
296.73,338.53,313.13,261.01,274.64,378.94,360.85,327.95,191.55,100.09,223.39,220.45,254.71,243.18,332.41,238.94,407.96,279.23,292,144.32,225.58,108.97,257.89,337.65,387.39,170.58,137.62,315.48,297.9,217.24,332.09,278.68,316.66,257.8,226.06,357.22,367.22,391.23,255.35,252.01,312.52,245.03,316.63,234.99,273.18,186.08,149.26,300.3,265.8,230.57,280.47,261.76
381.17,258.02,376.94,233.25,224.92,153.43,316.95,314.3,402.92,454.72,384.96,311.98,361.68,295.36,278.28,245.94,339.88,311,209.21,328.21,357.71,287.69,296.91,318.93,232.93,234.11,391.84,360.58,375.06,240.94,363.67,356.21,350.98,270.56,296.24,439.61,323.44,177.92,275.56,146.66,340.54,228.4,280.63,319.11,309.71,184.79,238.67,214.93,250.28,428.83,308.04,181.64
338.24,262.55,351.94,260.84,292.27,377.86,311.41,385.63,273.83,277.88,318.38,258.49,313.78,328.86,260.77,216.51,256.41,266.84,334.55,289.73,356.55,233.65,320.36,347.33,328.56,233.2,326.38,245.73,288.33,251.86,356.45,159.29,301.62,277.2,211.82,296.84,260,363.58,147.99,306.89,326.57,135.32,347.53,380,342.52,408.9,333.9,143.94,211.51,385.69,268.28,209.18
135.3,201.05,237.22,329.77,332.42,407.26,360.61,232.94,294.78,315.36,326.92,200.22,234.28,261.85,280.03,415.32,315.95,215.9,295.76,289.5,277.57,390.52,429.92,297.93,308.59,200.26,361.87,226.82,305.9,307.83,276.9,322.77,292.88,444.26,396.55,444.47,358.64,295.98,302.02,302.45,353.98,265.54,310.98,230.26,361.33,252.36,192.27,267.76,249.87,225.82,245.91,333.64
282.66,174.36,392.12,303.65,342.91,206.12,276.54,370.69,206.9,318.66,405.01,236.71,139.09,142.44,281.57,388.67,263.85,272.27,165.19,311.73,298.03,336.93,236.92,393.96,276.92,166.95,272.89,388.28,322.74,156.78,415.82,328.81,293.85,285.96,273.36,270.18,214.98,371.47,281.01,360.09,332.78,296.32,319.49,223.21,325.61,407.65,376.54,312.21,323.12,286.57,216.97,237.04
224.26,254.45,360.47,364.79,387.56,331.84,375.29,149.22,292.67,98.664,374.89,240.21,362.15,351.4,255.67,226.06,265.68,272.8,297.59,268.6,319.86,209.73,279.06,262.27,275.43,240.08,249.8,300.22,311.51,336.71,275.03,334.96,317.63,257.24,253.54,338.06,122.41,372.33,335.02,202.17,434.55,282.85,368.09,497.89,236.78,298.72,71.534,211.42,246.87,357.1,249.69,300.36
270.27,339.03,480.61,280.47,222.6,249.07,249.4,243.15,440.85,289.21,295.39,226.32,248.38,342.45,294.06,346.57,294.14,247.46,398.25,297.85,480.16,367.26,183.12,206.43,218.61,260.29,288.23,340.58,394.75,302.1,293.52,229.28,298.12,307.9,318.11,389.97,205.31,327.69,187.51,378.39,477.89,357.55,195.74,298.46,258.82,190.76,221.25,146.75,241.29,366.79,315.09,109.64
371.33,352.4,200.23,236.49,313.86,190.67,210.38,213.22,324.41,291.92,241.67,203.15,262.92,219.81,387.81,146.34,242.62,190.14,381.61,338.41,227.04,257.4,320.85,305.48,91.109,144.32,251.07,372.65,319.46,213.22,330.3,238.06,202.91,294.4,256.7,275.32,217.4,288.64,235.48,209.89,356.71,287.05,196.64,384.65,231.3,294.58,207.07,428.81,428.82,286.49,236.08,358.82
313.27,282.17,403.89,375.15,300.4,331.6,286.68,315.86,345.95,371.05,225.08,296.29,336.5,193.82,280,240.87,266.82,306.95,235.91,346.57,299.15,399.33,282.48,268.12,304.14,328.39,369.04,209.81,327.45,191.46,338.19,204.52,287.03,398.84,299.29,239.37,246.77,292.77,325.77,234.3,319.16,236.88,289.99,307.21,265.9,283.54,347.11,264.73,136.4,331.13,207.99,316.1
248.3,363.78,180.65,239.6,314.46,335.65,283.04,251.95,204.42,298.55,196.25,452.37,270.24,327.71,330.13,347.89,253.75,411.9,305.38,303.02,306.39,369.95,374.34,276.88,143.86,223.69,162.41,185.15,317.32,223.69,385.16,333.07,240.38,285,355.41,306.44,237.28,407.21,304.97,415.79,374.28,302.05,268.37,219.56,390.31,386.89,290.5,247.76,297.61,235,260.13,266.34
296.71,283.54,365.08,226.04,373.1,369.35,329.29,309.97,196.78,343.01,292.37,257.77,333.89,337.64,438.47,302.41,173.55,175.54,197.58,196.16,248.36,356.06,244.24,234.87,171.27,318.75,295.68,262.85,287.13,253.19,331.28,440.96,319.05,370.56,324.45,294.93,448.32,166.39,251.96,386.2,269.79,326.47,256.61,391.96,352.08,249.45,268.07,243.3,336.35,117.47,351.64,168.21
136.15,267.94,381.51,408.12,386.54,185.51,354.67,248.81,106.79,369.56,208.24,197.38,164.33,264.42,382.54,183.62,421.22,248.59,272.65,323.86,403.32,226.75,420.89,326.21,187.76,180.43,234.18,245.32,426.61,179.52,503.5,89.075,267.95,260.32,307.19,318.82,223.71,317.79,164.09,226.26,396.93,355.1,213.1,397.67,274.75,290.91,322.1,300.25,454.49,292.78,297.77,267.1
184.69,315.75,327.87,327.28,332.54,360.1,232.18,328.09,331.36,255.93,285.89,229.3,315.88,263.3,425.82,321.4,265.88,235.58,96.079,303.98,231.42,304.58,179.57,344.18,239.85,317.08,232.78,282.82,374.96,292.78,311.14,377.89,255.91,320.94,364.62,369.93,333.45,480.63,196.27,227.2,308.97,255.22,323.24,188.92,293.58,349.39,215.16,263.28,142.4,227.86,309.82,380.88
378.13,306.34,244.4,184.76,344.78,315.07,247.44,270.21,293.02,232.77,238.9,267.43,247.07,387.7,304.68,329.41,443.01,261.25,266.67,193.13,321.63,252.85,233.72,334.86,188.56,102.2,408.51,383.86,336.3,155.43,258.69,452.43,346.77,236.04,247.61,261.82,265.91,217.08,431.71,358.09,315.44,398.04,219.83,291.31,295.2,203.61,336.36,273.64,379.48,338,246.54,390.89
371.36,352.86,351,260.24,182.12,335.83,351.22,360.55,212.41,245.82,345.79,340.67,349.34,225.07,347.76,316.26,339.95,110.53,222.55,398.74,368.17,166.7,234.72,118.04,301.78,279.25,237.78,224.02,225.88,160.63,185.54,322.64,303.66,368.03,325.43,278.24,264.68,189.75,242.26,275.36,262,156.81,227.01,208.97,311.99,282.26,248.31,212.51,214.76,124.88,386.18,217.69
109.17,260.28,328.67,224.4,267.97,294.68,293.76,369.22,179.76,377.36,392.59,327.06,221.71,200.4,252.99,256.86,308.71,355.09,356.98,360.81,284.43,277.18,299.01,320.22,215.59,336.36,284.04,159.99,243.85,293.34,319.52,332.41,313.5,342.97,304.15,258.17,364.14,291.48,282.1,204.31,345.72,232.75,349.94,195.41,304.45,259.01,281.4,187.21,247.57,356.85,453.78,337.83
