0,0,0,0,0,0,0,0,0,0
14070,113,3.4,2.87,0.121,0,0.14,0.427,0.112,0.00161
27150,14,7.04,4.23,0.331,12.5,0.143,1.052,0.257,0.00944
0,0,0.02,0,0,0,0,0,0,0
1000,13,0.32,0.15,0.04,1.7,0.022,0.025,0.004,0
0,0,0,0,0,0,0,0,0,0
3590,37,0.52,0.39,0.03,17.7,0.019,0.098,0.059,0.00033
1700,26,0.49,0.32,0.058,0.8,0.042,0.037,0.003,0.00009
0,0,0,0,0,0,0,0,0,0
6810,261,0.19,0.77,0.016,1.9,0.047,0.316,0.008,0.00016
26630,1140,22.04,5.44,0.78,125,0.196,2.383,0.18,0
120,21,0,0,0.008,0.1,0.007,0.026,0.001,0.00007
13500,1154,67.23,3.7,0.529,0,2.771,2.842,0.035,0
100,6,0.2,0,0,0,0.01,0.02,0,0
700,17,0.11,0.09,0.042,34,0.051,0.042,0.024,0
2940,104,0.07,0.5,0.016,0.9,0.035,0.149,0.011,0.0003
200,10,0.26,0.05,0.028,18.8,0.011,0.031,0.003,0
1200,32,0.19,0.27,0.022,0.8,0.018,0.044,0.002,0.0001
200,3,0.56,0.03,0.037,58.5,0.008,0.011,0.001,0
10820,0,3.9,0,0,5.9,0,0,0,0
0,0,0,0,0,0,0,0,0,0
500,6,0.2,0.12,0.03,31.3,0.01,0.02,0.005,0
15200,7,1.66,2.6,0.057,1.7,0.019,0.191,0.002,0.00227
21950,17,1.35,2.33,0.076,0,0.112,0.215,0.009,0.00028
400,5,0.2,0.06,0.04,16.7,0.012,0.031,0.006,0
14420,541,9.26,6.18,0.618,77.2,1.133,0.773,0,0.00206
12510,56,1.75,1.29,0.072,0,0.032,0.387,0.035,0.00071
2690,27,0.64,0.55,0.07,0.1,0.044,0.061,0.008,0.00002
3430,122,0.16,0.46,0.018,0,0.035,0.225,0.005,0.0002
0,0,0,0,0,0,0,0,0,0
25580,756,0.52,3.23,0.026,0,0.019,0.321,0.01,0.00146
0,0,0,0,0,0,0,0,0,0
4400,110,1.98,1.65,0.22,26.4,0.165,0.187,0,0.00066
300,10,0.25,0.07,0.14,27.5,0.021,0.028,0.003,0
1200,65,1.08,0.19,0.049,8.4,0.021,0.102,0.033,0
6730,2132,37.88,4.3,0.847,50,0.366,0,0,0
1380,51,0.46,0.66,0.05,7.9,0.052,0.092,0,0.00019
17880,10,5.86,3.32,0.243,16.2,0.088,0.987,0.345,0.01141
2500,89,0.62,0.31,0.06,8.7,0.015,0.104,0.061,0.00006
0,0,0.05,0.01,0,0,0,0,0,0
170,21,0,0,0,0.1,0.007,0.026,0.001,0.0108
2640,99,2.3,0.96,0.115,11.5,0.127,0.191,0,0.00032
0,24,0.33,0.1,0.03,0,0,0,0,0
300,8,0.2,0.03,0.03,15.8,0.02,0.02,0.008,0
48050,244,7.2,3.15,0.203,0,0.183,1.977,0.119,0.00296
81100,62,0.15,0.1,0.114,0,0.005,2.53,0.018,0.00018
2040,27,0.33,0.3,0.02,0.2,0.025,0.046,0.003,0.00002
1700,14,0.5,0.4,0.11,2.9,0.06,0.05,0.009,0
690,6,0.59,0.25,0.142,0,0.004,0.024,0.001,0
12560,56,1.75,1.29,0.072,0,0.04,0.457,0.047,0.00089
3800,11,0.4,0.61,0.1,0.3,0.07,0.07,0.003,0.0001
20380,690,0.18,3.06,0.025,0,0.048,0.23,0,0.00175
3990,1002,8.32,1.83,0.339,3.8,0.022,0.041,0.006,0
12000,331,9.5,3.9,0.37,43.3,0.53,0.79,0,0.00102
0,0,0.05,0.01,0,0,0,0,0,0
0,0,0,0.11,0,0,0,0,0,0
260,0,0,0,0,0,0,0,0,0
300,9,0.3,0.05,0.034,21.6,0.008,0.013,0.002,0
16090,1375,0.95,2.21,0.027,0,0.04,0.425,0.018,0.00152
0,0,0,0,0,0,0,0,0,0
1450,42,0.99,0.53,0.053,5.9,0.066,0.092,0,0.00022
28880,13,0.93,1.19,0.044,0,0.042,0.117,0.003,0.00023
3820,153,3.63,0.49,0.053,0.4,0.315,0.437,0.006,0.00043
3300,48,1.09,0.26,0,0,0.01,0.07,0.001,0.00013
11260,207,0.38,1.16,0.021,0,0.013,0.195,0.012,0.00034
14290,525,19.1,4.7,1.2,0.7,0.176,0.2,0.056,0
12500,526,9,4.51,0.601,60.1,0.301,0.471,0,0.0015
23000,176,33.53,2.5,1.11,3,0.322,0.366,0.057,0
6660,800,30,10.66,0.334,58.3,1.166,1.333,0.035,0.005
23240,674,0.43,2.6,0.024,0,0.014,0.351,0.02,0.00126
0,0,0,0,0,0,0,0,0,0
1760,54,0.22,0.3,0.01,0.4,0.012,0.054,0.006,0.00023
16860,682,0.26,2.31,0.034,0,0.035,0.36,0.007,0.00133
710,91,6.81,1.01,0.055,15.9,0.126,0.156,0,0.00051
2300,28,0.83,0.26,0.07,5.7,0.061,0.069,0.04,0
200,6,0.26,0.03,0.044,17.9,0.014,0.03,0.001,0
0,0,0,0,0,0,0,0,0,0
3980,138,0.06,0.67,0.079,0.6,0.034,0.162,0.009,0.00043
20000,800,0,3.87,0.238,0,0.029,0.486,0.01,0.00226
3310,116,0.05,0.42,0.011,1,0.034,0.154,0.005,0.00022
100,4,0.1,0.02,0.035,28.1,0.021,0.026,0.002,0
3390,127,0.27,0.41,0.075,1,0.045,0.166,0.002,0.00032
0,0,0,0,0,0,0,0,0,0
0,285,6.4,3.57,0.16,0,0.169,0.099,0.019,0.0001
680,5,0.63,0.23,0.135,0,0.004,0.027,0.001,0
26960,12,1.34,2.89,0.08,0,0.081,0.225,0.008,0.00032
1800,69,1.18,0.49,0.049,5.9,0.039,0.059,0,0.0003
0,0,0,0,0,0,0,0,0,0
23760,685,0.76,3.07,0.042,0,0.015,0.375,0.018,0.00083
3370,122,0.03,0.42,0.013,0,0.045,0.182,0.005,0.0005
760,103,0.08,0.43,0.003,0.1,0.042,0.14,0.002,0.00018
0,0,0,0,0,0,0,0,0,0
32540,18,10.32,6.27,0.422,8.7,0.097,1.524,0.379,0.01331
850,47,0.06,0.13,0.004,0.1,0.036,0.158,0.001,0.00028
1440,44,0.98,0.52,0.08,10,0.066,0.092,0,0
20270,11,0.79,0.93,0.04,0,0.059,0.086,0.004,0.00034
15690,351,0.19,1.5,0.036,0,0.04,0.265,0.035,0.00095
0,1,0.15,0.04,0,0,0,0,0,0
4290,86,0.26,0.6,0.254,0,0.111,0.146,0.006,0.00005
24410,700,0.23,3.5,0.026,0,0.061,0.359,0.02,0.0021
410,13,0.26,0.07,0.019,0.4,0.02,0,0,0
26750,14,1.49,2.52,0.089,0,0.094,0.243,0.008,0.0003
1400,41,1.18,0.53,0.046,5.6,0.07,0.1,0,0.00013
18130,1045,0.63,2.49,0.046,0,0.015,0.234,0.008,0.0015
4290,30,0.09,0.21,0.09,0,0.039,0.052,0.002,0.00002
200,7,0.2,0.06,0,80.9,0.01,0.022,0.002,0
6810,261,0.19,0.77,0.016,1.9,0.047,0.316,0.008,0.00016
6090,661,7.06,1.01,0.553,39.2,0.101,0.063,0.036,0
7910,284,0.19,0.94,0.015,2.6,0.09,0.416,0.011,0.00044
200,5,0.17,0.03,0.051,1.1,0.007,0.011,0,0.00001
220,3,0,0,0,0.1,0,0,0.001,0.00008
0,0,0.05,0.01,0,0,0,0,0,0
4930,171,0.07,0.83,0.013,0.8,0.042,0.201,0.011,0.00053
3140,66,0.21,0.4,0.02,0.1,0.038,0.076,0.005,0.00027
12810,64,3.85,1.41,0.062,0,0.156,0.404,0.08,0.0054
24840,20,1.25,0.95,0.06,0,0.115,0.146,0.006,0.0003
13700,83,0.92,2.4,0.148,1.5,0.008,0.181,0.011,0.0013
1800,69,1.18,0.49,0.049,5.9,0.039,0.059,0,0.0003
2170,69,0.03,0.25,0.007,0.6,0.024,0.125,0.004,0.0002
22500,5,0.37,0.68,0.037,0,0.094,0.177,0.009,0.00021
3150,113,0.03,0.37,0.025,0,0.046,0.169,0.005,0.00045
2440,10,0.41,0.6,0.05,0.1,0.035,0.035,0.004,0.00019
0,0,0,0,0,0,0,0,0,0
28570,17,1.99,2.36,0.1,0.5,0.088,0.278,0.029,0.00111
1380,54,1.18,0.66,0.05,7.9,0.052,0.092,0,0.00019
1010,0,0,0.23,0.094,18.2,0.028,0.058,0.02,0
1470,33,0.29,0.3,0.019,0.1,0.031,0.009,0.002,0.00004
7600,32,3,0.53,0.074,5.5,0.499,0.429,0.01,0.00007
14600,73,1.56,1.01,0.045,1.7,0.017,0.197,0.011,0.0004
370,0,0,0.07,0.019,0,0.008,0,0,0.00012
3330,88,1.75,0.88,0.148,7.6,0.148,0.176,0,0.00057
3100,101,0.05,0.38,0.01,0.9,0.02,0.105,0.005,0.00036
0,0,0,0,0,0,0,0,0,0
1070,24,0.36,0.29,0.04,2.1,0.043,0.021,0.009,0.00002
26780,15,1.66,2.16,0.08,0.5,0.063,0.224,0.029,0.00094
1780,133,1.37,0.68,0.051,8.2,0.055,0.096,0,0.00021
600,15,0.33,0.1,0.062,0.8,0.022,0.083,0.001,0
31800,1064,0.77,2.58,0.03,0,0.037,0.37,0.007,0.00112
15600,920,9.5,5.7,0.36,57,0.38,0.43,0,0.00142
810,24,0.32,0.19,0.03,0.3,0.029,0.048,0.008,0
3330,128,0.05,0.36,0.01,0.9,0.03,0.123,0.005,0.00034
5430,1053,13.16,0.59,0.082,2.4,0.921,1.053,0.017,0.00019
13410,557,0.36,1.81,0.032,0,0.038,0.442,0,0.00117
24350,415,0.42,1.82,0.021,0,0.012,0.221,0.011,0.00049
0,0,0.03,0,0,0,0,0,0,0
11390,272,0.44,1.34,0.034,0,0.021,0.185,0.013,0.00029
10190,110,0.07,0.52,0.017,0,0.023,0.278,0.007,0.00075
500,19,0.6,0.1,0.01,6,0.007,0.013,0.003,0.00012
0,0,0,0,0,0,0,0,0,0
1400,11,0.41,0.27,0.041,2.5,0.029,0.032,0.004,0
160,3,0.06,0,0,0.2,0.01,0.037,0.001,0.0001
21440,680,0.47,2.94,0.008,0,0.02,0.209,0.001,0.00138
3730,162,3.49,0.57,0.057,0.2,0.242,0.353,0.007,0.00042
3950,143,0.06,0.41,0.011,1.1,0.045,0.194,0.005,0.00039
3860,143,0.12,0.67,0.079,1.1,0.034,0.162,0.008,0.00043
45710,500,8.57,7.14,1,30,0.714,0.857,0,0.003
650,5,0.12,0.07,0.015,0,0.01,0.03,0.006,0.00004
3790,130,0.04,0.46,0.009,0.2,0.03,0.135,0.013,0.00029
9000,1597,36.8,2.69,0.633,2.3,0.177,0.528,0.237,0
0,1,0.3,0.03,0.045,42.8,0.01,0.03,0,0
810,24,0.32,0.19,0.03,0.3,0.029,0.048,0.008,0
0,0,0,0,0,0,0,0,0,0
21560,651,0.47,3.5,0.024,0,0.018,0.225,0.002,0.00103
3310,317,6.65,0.93,0.301,21.8,0.036,0.152,0.109,0
9150,117,0.13,0.82,0.027,0,0.022,0.155,0.014,0.0003
70,0,0,0,0,0,0,0,0,0
1090,17,1.18,0.26,0,0,1.445,0.058,0,0
1600,55,0.24,0.28,0.05,0.8,0.012,0.08,0.006,0.00001
10900,430,9.4,5.2,0.39,62,0.42,0.73,0,0.00156
27500,11,1.37,3.02,0.077,0,0.054,0.213,0.008,0.00024
4500,161,0.06,0,0,1.1,0,0,0,0
0,0,0,0,0,0,0,0,0,0
5250,183,0.08,0.89,0.013,0.8,0.044,0.214,0.011,0.00056
23750,697,0.22,3.62,0.033,0,0.024,0.353,0.027,0.00168
1320,28,0.3,0.17,0.019,0,0.015,0.087,0.004,0.00017
1200,27,0.4,0.1,0.03,1.7,0.02,0.04,0.032,0
17810,931,66.36,4.8,0.867,7.7,0.628,0.327,0.01,0
24990,731,0.44,3.75,0.036,0,0.037,0.389,0.016,0.00154
10340,86,0.15,0.47,0.03,0,0.023,0.226,0.009,0.00046
11000,432,9.3,3.83,0.463,46,0.514,0.771,0,0.00128
0,0,0,0,0,0,0,0,0,0
2370,21,0.38,0.4,0.03,0.1,0.032,0.04,0.005,0.00001
5000,11,0.69,0.92,0.054,3.9,0.016,0.069,0.006,0.00051
10450,111,0.13,0.51,0.033,0,0.02,0.251,0.008,0.00047
3360,134,0.6,0.67,0.217,0,0.033,0.124,0.005,0.00026
19030,14,0.67,1.68,0.069,0,0.039,0.17,0.006,0.00116
28000,13,0.45,0.86,0.043,0,0.045,0.207,0.011,0.00027
29060,13,1.03,2.51,0.091,0,0.047,0.28,0.009,0.00094
19960,9,1.14,2.92,0.079,0,0.049,0.28,0.006,0.0019
20700,12,0.98,1.6,0.047,0,0.074,0.119,0.004,0.00032
17600,1,2.1,1.91,0.088,0,0.04,0.12,0.007,0.00035
21850,33,0.82,1.74,0.067,0,0.069,0.181,0.007,0.00061
3090,11,0.35,0.17,0.028,0.4,0.018,0.02,0.006,0.00008
29370,5,4.8,4.9,0.153,0,0.24,0.301,0.016,0.00644
26100,16,1.07,3.4,0.128,0,0.056,0.335,0.008,0.00165
24340,29,0.97,1.71,0.059,0,0.072,0.13,0.008,0.00045
21970,13,0.88,1.63,0.041,1.2,0.059,0.101,0.004,0.00038
28710,21,1.4,2.03,0.047,0,0.057,0.131,0.006,0.00036
22160,9,0.66,1.53,0.041,0,0.053,0.133,0.005,0.00032
22570,11,1.21,1.64,0.048,0,0.08,0.157,0.004,0.00043
17840,14,0.83,2.3,0.094,0,0.051,0.216,0.006,0.00181
22860,5,2.65,3.89,0.142,0,0.205,0.302,0.008,0.00521
14850,19,0.95,1.05,0.09,0,0.083,0.072,0.007,0.00029
31270,6,4.56,3.19,0.232,0,0.35,0.599,0.009,0.00937
19190,9,0.72,2,0.061,0,0.098,0.243,0.003,0.00042
22480,58,1.18,4.03,0.158,0,0.048,0.288,0.007,0.00142
22510,16,0.95,1.78,0.077,0,0.055,0.227,0.008,0.00047
22770,7,4.02,3.48,0.199,0,0.27,0.457,0.013,0.00675
23400,11,0.84,1.13,0.043,1.3,0.059,0.102,0.005,0.00034
25880,48,2.04,3.25,0.256,0,0.067,0.232,0.007,0.0014
23280,8,0.93,1.92,0.062,0,0.121,0.302,0.002,0.00051
18730,21,1.17,2.53,0.107,0,0.067,0.185,0.007,0.0012
27710,17,1.43,3.51,0.127,0,0.06,0.375,0.009,0.00165
26520,14,0.6,1.5,0.062,0,0.036,0.211,0.008,0.00169
26970,13,0.55,1.49,0.062,0,0.038,0.208,0.006,0.0017
20790,9,0.43,1.07,0.043,0,0.045,0.148,0.007,0.0004
18260,20,8.94,3.37,0.863,24.5,0.206,2.247,0.677,0.01973
22640,11,0.86,1.84,0.079,0,0.05,0.192,0.007,0.00124
29510,14,0.97,1.52,0.06,0,0.043,0.19,0.009,0.00176
25800,15,0.68,1.52,0.063,0,0.034,0.215,0.006,0.00168
4830,35,1.5,1.1,0.3,0.2,0.042,0.039,0.066,0
25650,22,1.02,2.52,0.082,0,0.063,0.224,0.009,0.00049
33670,7,6.89,4.32,0.285,0,0.43,0.645,0.01,0.0022
9580,6,0.37,0.65,0.038,0,0.04,0.032,0.002,0.00065
19270,15,0.9,2.68,0.106,0,0.06,0.247,0.006,0.00205
23000,12,1.07,1.86,0.052,0,0.08,0.14,0.004,0.00034
27380,24,1.46,2.1,0.056,0,0.05,0.134,0.006,0.00034
26880,13,1.37,1.77,0.1,0,0.094,0.235,0.005,0.00023
11400,70,5.5,0.92,0.4,2,0.088,0.299,0.06,0.0094
23660,11,0.73,1.28,0.07,0,0.042,0.145,0.007,0.00063
5060,10,0.69,0.4,0.1,0.5,0.034,0.069,0.002,0.0001
800,36,0.15,0.15,0.1,0.2,0.013,0.105,0.003,0
14720,187,1.22,1.9,0.065,2,0.096,0.14,0.005,0.00027
31690,6,1.02,2.2,0.067,0,0.082,0.135,0.008,0.0007
21990,8,0.41,1.1,0.043,0,0.049,0.155,0.007,0.00033
25940,5,0.58,0.51,0.058,0,0.042,0.28,0,0.0029
22270,13,0.91,1.49,0.061,0.5,0.067,0.199,0.002,0.00028
19810,11,1,2.32,0.085,0,0.055,0.229,0.006,0.00184
16700,18,3.7,3.21,0.488,3,0.165,1.13,0,0.0133
19700,10,1.22,2.08,0.107,4.6,0.163,0.279,0.01,0.00037
26970,13,0.55,1.49,0.062,0,0.038,0.208,0.009,0.0017
23570,13,1.15,0.97,0.069,6,0.077,0.153,0.006,0.00084
29500,6,0.43,0.82,0.034,0,0.079,0.227,0,0.0002
22700,12,1.15,0.96,0.065,5.3,0.072,0.143,0.006,0.00077
20290,33,0.83,1.51,0.061,0,0.065,0.185,0.007,0.0006
9930,418,30.38,0.55,0,0,0.78,0.71,0,0
2310,31,0.55,0,0,0.9,0,0,0,0
1740,19,1.3,0.74,0.1,3.2,0.024,0.032,0.008,0.00323
21850,15,1.56,2.93,0.357,0,0.367,0.357,0.003,0.00152
6540,21,1.48,1.3,0.288,1.3,0.082,0.052,0.001,0
3800,6,0.7,1,0.1,0,0.03,0.04,0.025,0.0001
2230,10,0.17,0.4,0.311,17.4,0.021,0.053,0.035,0
13100,40,0,1.6,0,1,1,1.13,0.019,0.004
11350,10,1.34,2.19,0.14,0,0.034,0.1,0.006,0.00163
12000,29,3.1,1.5,0.413,0,0.364,0.109,0.036,0
8850,425,20.58,17.17,0.234,21.4,1.917,1.867,0.019,0.0075
4690,323,29,12.1,0,19.4,1.2,1.39,0,0.0048
16790,6,0.32,0.3,0.034,0,0.018,0.029,0.001,0.00009
4590,9,15.5,5.19,0.086,52,1.28,1.47,0.019,0.00519
7500,30,27,1.5,0.312,70,1.75,1.98,0.019,0.007
13700,47,49.45,3.2,0,0,0.54,0.123,0,0
1610,0,0,0,0,0,0,0,0,0
11390,41,2.4,0.1,0.251,91,0.31,0.07,0.043,0.018
3480,28,0.75,0.6,0.1,0.9,0.044,0.036,0.013,0
400,10,0.5,0.1,0.086,1600,0.02,0.06,0.014,0
1590,32,0.29,0,0,4.8,0,0,0,0
13670,76,3.95,4.17,0.647,1.2,0.548,0.354,0.084,0
1260,7,0.66,0.7,0.1,0,0.033,0.063,0.012,0
8800,2,4.42,0.41,0,0,0.61,0.36,0,0
7800,29,3,1.39,0.201,0,0.31,0.15,0.015,0
770,5,0.21,0.2,0.1,0,0.01,0.036,0.002,0
8300,67,2.4,1,0,0,0.2,0,0,0
3410,11,0.34,0.18,0.025,0,0.017,0.023,0,0
790,12,0.12,0.09,0.018,0,0.01,0.047,0,0
2600,4,0.7,0.8,0.1,0,0.02,0.08,0.002,0.0001
8000,134,2.6,1.6,0.4,16.6,5.18,0.45,0.03,0.0005
1540,31,0.83,0,0,0.9,0,0,0,0
10170,21,4.11,0.6,0.126,0.3,0.448,0.255,0.045,0.00025
11230,51,4.04,0.4,0.08,0.3,0.12,0.01,0.015,0
1610,0,0,0,0,0,0,0,0,0
15320,467,0.94,1.49,0.064,0,0.156,0.054,0.004,0.00038
17300,54,1.07,3.23,0.12,0,0.38,0.3,0.002,0.00196
8700,26,29.5,2.7,0.3,0,0.68,0.77,0.019,0.0027
19430,81,2.26,2.25,0.07,0,0.249,0.16,0.007,0.00173
14200,70,5.5,2.85,0.4,2,0.03,0.6,0.06,0.0032
1630,0,0.29,0,0,0,0,0,0,0
12600,6,2.2,1.77,0.19,0,0.103,0.189,0.002,0.00306
5800,200,28.79,7.5,0.252,12,0.8,0.89,0.019,0.003
1520,30,0.42,0.18,0.066,1.9,0.033,0.032,0.004,0
6700,26,26.1,1,0.2,15.6,1.2,1.4,0.019,0.0048
1600,16,0.58,0,0,1.9,0,0,0,0
10160,246,12.13,2.3,0,0.1,1.447,0.617,0,0.00003
11800,44,3.3,4.1,0,0,0.48,0.14,0.049,0
2940,14,0.71,0.3,0.099,0.8,0.036,0.046,0.004,0.0001
2260,3,0.01,0.06,0.058,0.1,0.033,0.076,0.002,0.00069
9000,280,1,0.88,0.17,7,0.2,0.4,0.014,0.0007
3990,35,0.94,0.47,0.158,0.4,0.044,0.026,0.012,0.00003
11390,25,1.79,0,0,1,0,0,0,0
1210,9,0.4,0.33,0.067,1,0.021,0.019,0.004,0
810,16,0,0,0,0,0,0,0,0
7100,9,18.36,15.29,0.111,0,1.53,1.732,0.019,0
3170,16,0.86,0,0,0,0,0,0,0
9100,32,29.5,2.7,0,0,0.68,0.76,0,0.003
3790,13,0.6,0.64,0,1.2,0,0,0,0
2360,11,0.38,0.15,0,0.1,0,0,0,0
9110,235,9.1,1.98,0.318,0.7,0.79,0.67,0.019,0
1540,15,0.55,0,0,1.8,0,0,0,0
1220,16,0.29,0,0,0,0,0,0,0
270,5,0.07,0.05,0.031,4,0.019,0.028,0,0
6410,10,29,12.71,0.091,40,1.268,1.425,0.019,0.005
9530,234,8.46,2.29,0.302,0,0.748,0.749,0.017,0
11800,58,2.5,3.05,0.334,0,0.29,0.09,0.04,0
6690,5,32.73,1.3,0.149,64.5,2.05,1.288,0.004,0.00545
11270,146,1.33,1.39,0.112,0.6,0.249,0.634,0.109,0.00048
11450,58,4.07,2.89,0,0,0.55,0.32,0.036,0
400,6,0.39,0.06,0.039,1,0.02,0.052,0.007,0
1610,13,1.11,0.25,0.159,12.9,0.039,0.063,0,0
3410,333,30,12.5,0.319,20,1.25,1.41,0.019,0.005
2520,3,0.21,0.14,0.054,0.2,0.035,0.085,0.005,0
0,0,0,0,0,0,0,0,0,0
0,0,0,0,0,0,0,0,0,0
1180,29,0.8,0.25,0.12,3.1,0.029,0.046,0.034,0
13500,16,2.2,2.1,0.039,10,0.033,0.114,0.004,0.00022
11240,45,3.33,2.54,0,0,0.226,0.105,0.051,0
14450,14,0.94,2.68,0.063,0,0.09,0.166,0.005,0.0016
1500,10,0.4,0.4,0.16,0,0.02,0.07,0.005,0
4390,11,19.42,16.16,0.111,0,1.614,1.822,0.019,0
660,7,0.24,0,0,0,0,0,0,0
11600,711,33.39,1.32,0.203,0,1.009,0.563,0.034,0
8800,33,29.5,2.7,0,0,0.68,0.77,0,0.0027
14950,9,0.99,2.39,0.047,0,0.688,0.223,0.003,0.00084
12500,54,1.78,2.92,0.117,24,0.162,0.154,0.006,0.00106
9800,141,6.27,0.76,0.146,0.9,0.187,0.514,0.015,0.00062
25900,12,1.83,3.16,0.19,0,0.57,0.26,0.003,0.00188
2540,9,0.9,1,0.074,0,0.076,0.016,0.006,0
10060,21,3.93,0.61,0.122,0.6,0.479,0.258,0,0
5100,20,0.88,1.1,0.1,0,0.04,0.09,0.056,0.00026
16660,187,1.03,0.09,0,1.1,0.1,0.43,0.032,0.0003
1960,13,0.61,0.68,0.17,8.8,0.075,0.143,0.089,0
810,0,0,0,0,0,0,0,0,0
5600,370,30,13.9,0.126,22.2,1.4,1.6,0.019,0.0056
12090,401,33.17,16.73,0.385,21.6,1.327,0.1,0.019,0.00677
260,5,0.19,0.04,0.035,0.2,0.016,0.012,0.001,0
8680,8,0.59,1.1,0.07,0,0.435,0.12,0.001,0.00076
18580,9,2.2,3.25,0.1,0,0.08,0.182,0.004,0.00235
12450,42,0.99,1.53,0.056,14.7,0.15,0.212,0,0.00072
14100,385,10.39,1.89,0,23,0.57,0.64,0,0.002
6300,313,25.29,11.69,0,46.9,1.2,1.29,0,0.00469
7000,19,15.5,1,0.14,0.2,1.3,1.5,0.019,0.0052
1080,10,0.37,0.15,0.051,2,0.01,0.02,0.002,0.00001
200,3,0.31,0.04,0.042,0.9,0.006,0.018,0,0
19600,9,2.78,4.26,0.079,34.6,0.095,0.17,0.007,0.00176
810,0,0,0,0,0,0,0,0,0
0,17,0.58,0.67,0,1.7,0.03,0.007,0,0
10740,132,1.72,1.11,0.19,0.3,0.18,0.39,0.014,0.0007
4550,18,1.87,1.04,0,0.3,0.16,0.05,0.015,0
12070,43,1.32,1.43,0.09,1,0.55,0.17,0.008,0.00105
4450,11,19.8,15.56,0.119,0.1,1.6,1.8,0.019,0
6120,16,0.73,0,0,0.5,0,0,0,0
13700,47,4.64,3.2,0.37,0,0.54,0.12,0.032,0
7300,39,8.5,2.79,0,2,0.7,0.8,0,0.003
1440,87,3.74,0.13,0.04,0,0.055,0.025,0.003,0
2860,8,0,0,0,0,0,0,0,0
23890,22,1.49,3.88,0.145,0.7,0.084,0.255,0.006,0.00123
180,4,0.24,0.05,0.051,0.2,0.009,0.01,0,0
1600,16,0.58,0,0,3.8,0,0,0,0
1460,89,3.99,0.13,0.041,0,0.07,0.028,0.005,0
10420,146,3.29,1.26,0.133,0.2,0.211,0.45,0.066,0.00058
11690,14,1.12,2.01,0.044,0,0.032,0.151,0,0.00096
2450,8,0.15,0,0,0,0,0,0,0
1610,0,0,0,0,0,0,0,0,0
1930,8,0.44,0.62,0.06,0.2,0.028,0.024,0.002,0.00008
1300,23,0,0,0,0,0,0,0,0
8600,380,3.02,0.01,0,0,0.3,0.1,0.03,0.00002
5600,1887,34,28.3,0.218,0,2.8,3.2,0.019,0.0113
2000,23,1,0,0,0,0,0,0,0
820,11,0.31,0.2,0.055,5.8,0.024,0.02,0.006,0
1290,8,0.16,0.11,0.024,0.5,0.01,0.017,0,0
6070,7,27.27,11.35,0.242,18.2,1.13,1.28,0.004,0.00455
1220,16,0.15,0,0,2.4,0,0,0,0
6590,9,28,5.19,0.205,21,1.8,2.04,0.019,0.00619
6120,16,0.73,0,0,0.5,0,0,0,0
14590,6,0.32,0.65,0.069,0,0.043,0.062,0.003,0.00024
11100,47,2.4,0,0,2,0,0,0,0
2380,0,0.29,0,0,0,0,0,0,0
8600,0,1.59,0,0,0,0,0,0,0
1290,4,0.34,0.57,0.103,0.4,0.014,0.039,0.004,0
980,7,0.12,0,0,0,0,0,0,0
3170,16,0.57,0,0,0,0,0,0,0
2040,0,0.15,0,0,0,0,0,0,0
2220,4,0.22,0.15,0.102,0.4,0.009,0.012,0.001,0
15010,94,1.55,3.08,0.088,0.7,0.738,0.336,0.008,0.00176
15940,80,1.4,2.54,0.068,0,0.03,0.237,0.01,0.00119
16500,245,8.84,2.65,0,0.1,0.741,0.87,0,0
1860,20,1.92,0.25,0.062,57.9,0.06,0.213,0.031,0
2000,80,0.56,0.69,0.052,0,0.01,0.02,0.007,0
13450,10,9.19,2.14,0.18,10,0.052,1.401,0.321,0.00807
4620,19,6.67,5.56,0.14,22.2,1.39,1.57,0.004,0.00556
7670,434,22.27,18.62,0.213,26.6,1.737,1.723,0.019,0.0068
5700,14,1.5,1.7,0.195,22,1.39,1.57,0.019,0.0056
21070,24,1.36,2.67,0.096,0,0.386,0.196,0,0.00115
1540,15,0.55,0,0,1.8,0,0,0,0
400,12,0.2,0.1,0.086,1677.6,0.02,0.06,0.014,0
30990,26,2.7,4.3,0.2,0,0,0,0.004,0
8190,323,14.5,14.5,0,19.4,1.2,1.39,0,0.0048
5590,5,15,0.69,0.244,20,1.25,1.41,0.019,0.005
5500,303,13.6,11.39,0.129,18.2,1.1,1.29,0.019,0.0045
17300,60,2.23,0.21,0,0,0.2,0.24,0.032,0.001
11600,55,3.09,0.89,0,91,0.38,0.14,0,0.018
5930,25,1.7,0.1,0.1,0,0.03,0.07,0.008,0
4900,338,34.29,14.68,0,25,1.5,1.6,0.019,0.005
1460,13,0.59,0.18,0.05,12.9,0.042,0.015,0,0
13000,38,3,3.11,0.428,0,0.12,0.14,0.027,0
5200,385,17.3,14.4,0.213,23.1,1.4,1.6,0.019,0.0058
10700,37,2.8,2.6,0.2,0,0.34,0.1,0,0
1510,17,0.34,0.15,0.2,0.2,0.028,0.029,0.002,0.00004
7800,0,2.6,1.8,0,0,0.32,0.17,0.016,0
7900,33,28.9,6.7,0.3,0,0.7,0.8,0.019,0.0027
1610,32,0,8.47,0,0,0,0,0,0
1840,41,0.25,0.18,0,0,0,0,0,0
300,12,0.48,0.41,0.114,11.3,0.012,0.018,0.01,0
10000,230,1,1.54,0.535,7,0.2,0.4,0.014,0.0007
19760,9,1.15,2.84,0.104,0,0.732,0.241,0.001,0.00089
1590,16,0.57,0,0,1,0,0,0,0
1760,31,0.64,0.46,0.1,4.6,0.051,0.055,0.012,0
20900,0,0,0,0,0,0,0,0,0
11600,35,29.5,2.7,0,0,0.68,0.77,0.028,0.0027
1670,0,0,0,0,0,0,0,0,0
5690,26,15.69,5.59,0.091,65,1.46,1.59,0.019,0.0054
4250,3,11.6,0.24,0.12,19.4,1.21,1.37,0.019,0.00484
7100,27,25.3,1.2,0.313,66,1.64,1.86,0.019,0.0066
8400,3333,60,50,0.349,200,5,5.7,0.019,0.02
0,0,0,0,0,0,0,0,0,0
6800,357,28.89,13.39,0,21.4,1.29,1.5,0,0.0054
3960,3,26.7,0.15,0.039,24.2,1.903,1.73,0.019,0.0081
0,0,0,0,0,0,0,0,0,0
700,33,0.6,0.11,0.065,29.1,0.03,0.02,0.008,0
1150,12,0.35,0.04,0.024,1,0.027,0.047,0.004,0
1500,8,1.61,0.31,0.057,54.1,0,0,0,0
680,140,0.13,0.07,0.042,33.6,0.046,0.039,0.019,0
580,14,0.11,0.08,0.031,28.3,0.042,0.02,0.01,0
1060,13,0.36,0.07,0.06,7,0.027,0.033,0.004,0
430,16,0.28,0.05,0.04,1,0.019,0.024,0.014,0
2060,24,0.6,0.1,0.086,36.3,0.11,0.113,0.014,0
520,3,0.27,0.09,0.063,0.7,0.02,0.02,0.009,0
250,12,0.23,0.06,0.03,6.4,0.033,0.003,0.008,0
520,11,0.47,0.05,0.019,39.5,0.015,0.077,0.004,0
410,12,0.3,0.21,0.069,2.9,0.054,0.054,0.031,0
550,13,0.25,0.08,0.081,16.9,0.078,0.029,0.011,0
500,18,0.2,0.03,0.025,22,0.06,0.02,0.005,0
630,3,0.37,0.05,0.024,94.2,0.013,0.035,0.003,0
390,6,0.28,0.08,0.067,1.9,0.018,0.019,0.003,0
940,40,0.1,0.07,0.045,53.2,0.087,0.04,0.03,0
400,28,0.29,0.12,0.11,1,0.023,0.038,0.002,0
610,7,0.24,0.1,0.042,8.1,0.033,0.021,0.003,0
1880,62,0.86,0.17,0.095,43.9,0.037,0.09,0.017,0
170,4,0.23,0.03,0.027,21.2,0.026,0.03,0.003,0
1470,6,0.43,0.28,0.207,19.7,0.374,0.2,0.036,0
1200,25,0.69,0.42,0.09,26.2,0.032,0.038,0.021,0
500,11,0.7,0.1,0.086,14,0.02,0.04,0.014,0
1400,33,1,0.23,0.107,41,0.04,0.05,0.008,0
600,147,0.08,0.04,0.021,36.2,0.069,0.044,0.019,0
1060,8,1.2,0.17,0.107,3.4,0.005,0.019,0,0
400,18,0.36,0,0.067,8,0.03,0.02,0,0
450,3,0.36,0.09,0.052,2.4,0.009,0.025,0.003,0
830,11,0.42,0.16,0.057,8.7,0.02,0.031,0.011,0
320,7,0.18,0.17,0.077,146.4,0.026,0.013,0.005,0
2400,38,0.33,0.16,0.059,144.8,0.275,0.175,0.077,0
1060,6,0.28,0.17,0.086,5.4,0.034,0.027,0.005,0
460,5,0.31,0.09,0.075,2.2,0.012,0.024,0.002,0
350,6,0.08,0.05,0.016,38.7,0.024,0.015,0.02,0
1160,9,1.31,0.18,0.117,3.7,0.005,0.021,0,0
630,15,0.05,0.07,0.056,37,0.04,0.02,0.009,0
380,26,0.28,0.11,0.103,1,0.022,0.036,0,0
350,14,0.38,0.12,0.101,7.4,0.09,0.025,0.005,0
630,6,0.27,0.11,0.05,3.6,0.008,0.017,0.003,0
630,12,0.09,0.07,0.047,34.4,0.036,0.02,0.01,0
2450,0,0.23,0.3,0.3,42.3,0.062,0.085,0.068,0
390,9,0.19,0.08,0.078,4.4,0.012,0.026,0.006,0
580,8,0.36,0.06,0.048,26.9,0.04,0.023,0.01,0
470,20,0.25,0.08,0.045,60.9,0.023,0.027,0.037,0
14260,190,6.8,0,0,48.4,0,0,0,0
340,6,0.28,0.07,0.064,2.4,0.015,0.021,0.003,0
700,15,0.21,0.08,0.037,33.9,0.029,0.018,0.009,0
4080,86,3.26,0.66,0.468,4.7,0.16,0.142,0.01,0
330,6,0.28,0.07,0.063,2.1,0.014,0.02,0.003,0
810,37,0.26,0.11,0.119,6.5,0,1.5,0.002,0
360,13,0.31,0.11,0.069,10,0.058,0.021,0.018,0
9310,52,2.71,0.69,0.088,0.7,0.274,0.108,0.034,0
17940,39,1.01,1.74,2.114,4.2,0.056,0.458,0.005,0.00123
30230,46,8.82,7.81,1.343,1.9,0.273,0.153,0.058,0
16530,9,1.74,3.73,0.059,0,0.08,0.13,0.005,0.00282
9490,44,2.77,0.9,0.262,1.2,0.095,0.067,0.074,0
20630,198,0.57,0.67,0.061,0,0.02,0.2,0.003,0.0004
710,27,0.34,0.09,0.024,5.1,0.016,0.018,0.013,0
8900,311,1.63,0.9,0.24,15.5,0.07,0.253,0.04,0
1220,41,0.15,0,0,24.5,0,0,0,0.00024
2560,118,0.87,0.15,0.098,25.3,0.041,0.063,0.009,0
14910,53,5.3,1.68,0.435,5,0.03,0.04,0.016,0.02
1800,93,3.3,0.2,0.13,35,0.06,0.15,0.013,0
21160,6,0.92,2.23,0.05,0,1.035,0.247,0.005,0.00071
1010,21,0.44,0.29,0.092,19.3,0.051,0.041,0.019,0
1080,9,0.62,0.06,0.053,58.7,0.069,0.038,0.014,0
20,3,0.05,0.01,0.01,0,0,0.002,0,0
2600,55,0.7,0.24,0.071,17,0.09,0.09,0.026,0
4490,7,1.21,0.22,0.135,0.3,0.144,0.06,0.009,0
2970,136,3.57,0.76,0.174,9.8,0.095,0.236,0.146,0
160,25,2.17,0.41,0.081,0,0.15,0,0.002,0
2490,78,0.97,0,0,11,0.156,0.345,0.001,0
28750,11,0.71,2.04,0.083,0,0.663,0.266,0,0.00063
0,4,0,0.01,0.006,0,0,0,0,0
2800,80,1.8,0,0,0,0,0,0,0
27140,20,1.16,2.54,0.038,0,0.352,0.462,0.004,0.00097
20160,12,2.49,7.55,0.095,0,0.095,0.256,0.003,0.00433
24530,16,1.64,4.37,0.08,0,0.061,0.108,0.008,0.00162
620,26,0.2,0.7,0.026,10.1,0.029,0.022,0.006,0
720,12,0.6,0.16,0.048,20.2,0.02,0.029,0.012,0
22590,20,1.21,2.48,0.038,0,0.271,0.488,0.004,0.00111
6900,65,1.38,0.54,0.197,3.8,0.228,0.051,0.025,0
0,909,16.36,13.64,1.818,54.5,1.364,0,0,0
13100,82,0.4,2.1,0.527,12,0.42,0.19,0.127,0
20040,7,0.48,0.81,0.053,0,0.058,0.08,0.002,0.00539
7050,63,1.08,0.64,0.115,1.2,0.13,0.062,0.075,0
18820,372,4.87,1.99,0.398,0,0.17,0.05,0.027,0
3980,23,1.54,0.48,0.103,14,0.297,0.114,0.045,0
1410,5,1.26,0.28,0.057,5.1,0.068,0.013,0.006,0
770,16,0.3,0.07,0.019,2.6,0.023,0.025,0.013,0
16500,12,1.86,3.63,0.063,0,0.039,0.154,0.007,0.00271
1140,18,0.37,0.33,0.052,12.9,0.035,0.024,0.028,0
5290,271,0,0.96,0.435,0.6,0.031,0.028,0.009,0.00045
25100,1440,4.96,3.44,0.73,0,0.267,1.4,0.027,0.00278
25380,35,2.25,6.14,0.069,0,0.051,0.176,0.011,0.0029
21400,15,1.23,2.92,0.239,0,0.04,0.188,0.003,0.00048
17880,91,0.5,3.81,0.814,3.3,0.023,0.093,0.051,0.00333
26760,16,0.97,3.35,0.109,0,0.463,0.335,0.005,0.00076
1830,37,1.03,0.24,0.069,12.2,0.082,0.104,0.033,0
170,4,0,0.01,0.002,0,0,0,0,0
26320,65,0.41,1.05,0.044,0,0.016,0.069,0.018,0.00327
17940,16,1.59,4.32,0.077,0,0.065,0.13,0.01,0.00154
360,14,0.26,0.11,0.028,31.3,0.058,0.016,0.012,0
26140,7,0.92,2.45,0.068,0,0.671,0.256,0,0.00069
0,1,0,0,0,0,0,0,0,0
3190,18,1.02,0.7,0.108,9.8,0.111,0.073,0.029,0
19400,80,1.2,1.55,0.3,1,0.08,0.07,0.015,0.002
20510,32,0.18,0.36,0.028,1.6,0.046,0.003,0.005,0.003
800,33,0.7,0.13,0.065,11,0.14,0.01,0.017,0
20400,11,5.4,1.64,0.221,32.7,0.035,0.143,0.008,0.00259
120,118,0.08,0.04,0.1,55.1,0.105,1.042,0,0
1490,78,0.77,0.17,0.114,10.5,0.031,0.09,0.009,0
26390,14,2.68,9.05,0.082,0,0.066,0.214,0,0.0031
28970,17,2.4,6.92,0.09,0,0.063,0.158,0.009,0.00192
18170,263,2.83,2.6,0.97,0.7,0.114,0.953,0.032,0
33680,32,3.86,10.49,0.172,0,0.14,0.21,0.01,0.00379
30450,17,4.12,5.65,0.109,0,0.071,0.5,0.007,0.00518
950,11,0.68,0.14,0.075,22.8,0.036,0.022,0.013,0
25720,28,0.91,0.56,0.053,4.1,0.044,0.154,0.035,0.00287
22570,11,2.17,5.39,0.083,0,0.07,0.18,0.007,0.00256
3290,27,1.16,0.07,0.029,0,0.005,0.004,0.008,0
19140,16,1.73,4.56,0.082,0,0.064,0.143,0.01,0.00179
0,14,0,0,0,0,0,0,0,0
24180,5,3.35,4.67,0.131,0,0.101,0.231,0.007,0.00219
21230,291,3.68,3.07,0.955,0,0.092,0.781,0.027,0
12690,8,1.24,0.52,0.077,0,0.207,0.156,0.006,0.00207
480,16,0.56,0.66,0.445,0.6,0.081,0.204,0.019,0
840,9,0.38,0.77,0.033,33,0.051,0.053,0.051,0
1700,158,0.8,0.11,0.05,65,0.041,0.062,0.073,0
7500,60,5.8,1.6,0.47,0.3,0.03,0.17,0.012,0
16090,9,0.64,1.56,0.113,0,0.273,0.186,0.001,0.00053
8140,40,4.58,2.85,0.341,0,0.27,0.037,0.004,0
26830,14,1.01,2.96,0.1,0.3,0.635,0.313,0.01,0.00068
2300,120,0.2,0.11,0.077,43,0.09,0.12,0.009,0
21100,15,0.86,1.93,0.033,0,0.414,0.368,0.002,0.00064
21300,24,1.69,3.98,0.092,0,0.087,0.113,0.011,0.00127
90,4,0.05,0.01,0.01,0,0,0.003,0,0
31200,17,0.93,0.56,0.05,0,0.09,0.09,0.02,0.0029
1890,46,1.28,0.36,0.103,9.7,0.074,0.097,0.033,0
2600,123,0.42,0.26,0.165,0,0.029,0.184,0.009,0.00085
23850,15,1.57,0.94,0.094,0.4,0.159,0.412,0.002,0.019
20060,87,4.28,5.21,1.804,1.1,0.32,0.28,0.234,0
630,10,0.21,0,0,108.6,0,0,0,0.0009
17730,975,14.55,7.75,4.082,0,0.791,0.247,0.097,0
27270,6,2.79,6.62,0.119,0,0.09,0.25,0.008,0.00279
760,72,0.73,0.18,0.029,1.7,0.018,0.031,0.022,0
23950,7,1.46,2.91,1.093,0,0.531,0.284,0,0.00061
2890,21,0.61,0.4,0.127,7.4,0.05,0.089,0.089,0
3800,127,1.9,1.58,0.211,12.7,0.158,0.179,0,0.00063
25100,12,39.36,2.79,0.924,50.3,0.048,0.3,0.004,0.00502
250,7,0.12,0.05,0.021,0,0.017,0.029,0.003,0
5680,5,0.39,0.8,0.044,0,0.241,0.068,0.001,0.00033
28880,16,1.98,5.49,0.092,0,0.077,0.148,0.01,0.0018
18430,10,0.29,0.4,0.019,0,0.11,0.12,0.005,0.0003
2800,16,0.13,0.16,0.04,0.2,0.011,0.057,0.002,0.00008
420,0,0,0.63,0,25,0,0,0,0.0025
20280,25,0.59,1.85,0.065,0,0.456,0.177,0,0.00054
20100,64,0.52,1.34,0.391,0,0,0,0,0
14290,71,2.57,2.98,1.487,1.4,0.521,0.298,0.091,0
12350,145,2.5,0.91,0.117,17,0.26,0.155,0.111,0
24350,58,1.58,2.77,0.428,0,0.152,0.197,0.097,0
5060,47,2.68,0.78,0.473,101.8,0.193,0.383,0.023,0
910,27,0.36,0.39,0.103,5.5,0.044,0.041,0.02,0
3160,98,0.25,0.37,0.025,0,0.042,0.174,0.005,0.00042
20610,18,2.18,8.21,0.065,0,0.065,0.16,0.003,0.00295
400,8,0.06,0.09,0.02,0,0.02,0.017,0.004,0
21490,20,1.81,3.98,0.094,0,0.085,0.131,0.012,0.00155
70,2,0.12,0.02,0.009,27.1,0,0,0,0
400,18,0.38,0.59,0.022,10.5,0.034,0.001,0.004,0
27530,6,2.3,4.73,0.068,0,0.062,0.155,0.009,0.00152
27480,19,3.57,4.69,0.079,0,0.057,0.27,0.007,0.00189
1100,27,0.8,0.13,0.099,29,0.03,0.02,0.014,0
710,33,0.18,0.12,0.002,11.6,0.027,0.023,0.009,0
2270,101,1.12,0.2,0.058,13.8,0.04,0.053,0.07,0
35200,115,2,0,0,0,0,0,0,0.0083
9800,58,3,0.77,0.098,1,0.34,0.12,0.05,0
0,3,0.04,0.02,0.015,33.5,0,0,0,0
3360,117,2.3,0.71,0.137,1.4,0.13,0.144,0.177,0
27120,22,1.66,4.93,0.074,0,0.079,0.142,0.008,0.00141
21050,107,4.03,2.34,1.293,3,0.695,0.234,0.051,0
51460,241,9.24,2.46,4.065,0,0.698,0.253,0.305,0
27530,8,2.82,7.46,0.105,0,0.09,0.22,0.009,0.00261
28940,16,2.42,6.66,0.099,0,0.059,0.171,0.009,0.00213
19740,5,2.02,4.45,0.077,0,0.11,0.18,0.007,0.00303
2000,35,0.4,0.27,0.062,31,0.07,0.03,0.08,0
8290,42,2.64,1.08,0.225,0.4,0.212,0.064,0.146,0
16360,26,0.49,0.3,0.215,0,0.046,0.159,0.002,0.00426
19660,5,0.38,0.66,0.039,0,0.075,0.053,0.002,0.0017
6750,48,1.73,1.87,0.213,2.3,0.058,0.056,0.03,0.00034
760,30,0.34,0.2,0.017,3.6,0.066,0.044,0.014,0
28410,11,0.71,2.01,0.083,0,0.656,0.265,0,0.00062
24360,13,1.23,2.43,0.148,0,0.492,0.251,0.001,0.0006
5810,70,1.8,1.05,0.264,39,0.098,0.446,0.146,0
1780,13,1.13,0.48,0.02,5.3,0.025,0.015,0.003,0
1170,4,0.13,0.6,0.236,0,0.022,0.04,0.014,0
2860,25,0.82,0.49,0.083,3.2,0.071,0.12,0.019,0
3100,51,0.61,0.3,0.043,40.1,0.055,0.081,0.03,0
26630,55,1.92,0.85,0.241,0.5,0.426,0.423,0.015,0.00749
29660,16,1.84,4.3,0.053,0,0.08,0.232,0.005,0.00232
0,0,0.15,0,0,24.7,0,0,0,0
7170,111,1.11,0.64,0.157,0.2,0.047,0.037,0.044,0
910,15,1.82,0.21,0.059,4.1,0.01,0.04,0.03,0
5220,22,1.53,0.82,0.124,18,0.259,0.1,0.053,0
240,4,0.03,0.01,0.006,0,0.005,0.015,0.006,0.00002
120,70,0.13,0.04,0.01,30.3,0.004,0.015,0,0
0,2,0,0.01,0.016,3.1,0.002,0.003,0.001,0
18560,10,0.41,0.53,0.036,1,0.029,0.073,0.008,0.00104
28330,54,7.28,10.24,0.686,0,0.19,0.145,0.058,0
23450,45,0.61,0.56,0.071,1.4,0.075,0.14,0.013,0.005
910,15,0.29,0.12,0.068,54.3,0.05,0.033,0.021,0
21720,28,1.62,4.12,0.072,0,0.06,0.106,0.013,0.00118
3310,3,1.33,0.77,0.244,0,0.125,0.349,0.038,0
850,10,0.39,0.11,0.042,70.1,0.1,0.078,0.02,0
19870,66,4.98,5.04,1.094,0,0.455,0.22,0.622,0
17280,64,4.12,4.89,1.597,2.7,0.053,0.163,0.237,0
2110,209,2.26,0.88,0.158,41.1,0.02,0.134,0.057,0
34000,7,2.83,5.82,0.084,0,0.077,0.192,0.011,0.00188
2470,116,0.35,0.1,0.199,0,0.037,0.174,0.007,0.00023
22830,14,0.49,0.58,0.036,1,0.088,0.079,0.008,0.00105
18810,186,3.4,1.9,0.44,4.6,0.535,0.221,0.399,0
0,2,0.21,0.03,0.01,1342.3,0.011,0,0.001,0
7000,17,0.33,0.23,0.041,0,0.042,0.109,0.013,0
19020,4,0.6,1.6,0.1,1.3,0,0,0,0
1650,82,0.44,0,0,0,0,0,0,0
26620,7,0.63,2.09,0.081,0,0.636,0.19,0,0.00059
2490,116,1.29,0.23,0.067,25.3,0.048,0.061,0.138,0
1730,8,0.43,0.32,0.129,0,0.086,0.014,0.012,0
9130,66,2.98,0.86,0.289,1.2,0.129,0.062,0.074,0
19000,10,3.45,3.55,0.12,0,0.145,0.291,0.007,0.00514
890,22,0.44,0.22,0.082,9.6,0.016,0.067,0.02,0
26150,106,3.91,2.12,0.9,0,0.675,0.135,0.24,0
1320,164,0.59,0.25,0.052,9.3,0.012,0.041,0.003,0
3910,6,0.33,0.73,0.37,0,0.06,0.431,0.016,0
3110,3,0.61,0.63,0.046,4.8,0.174,0.069,0.031,0
1350,164,0.5,0.21,0.049,5.3,0.011,0.04,0.003,0
29910,10,1.31,0.77,0.11,0,0.278,0.306,0.002,0.01088
1830,38,2.08,0.17,0.114,26.3,0.034,0.086,0.008,0
1420,21,0.65,0.51,0.104,3.8,0.034,0.04,0.018,0
1800,15,0.6,0.47,0.107,16.5,0.054,0.089,0.085,0
1200,13,0.51,0.07,0.09,23.4,0.06,0.04,0.009,0
26770,7,2.16,4.56,0.069,0,0.067,0.134,0.008,0.00137
0,8,0.09,0.01,0.01,29.6,0.005,0.023,0.001,0
49830,474,12.58,11.61,1.172,2.4,2.089,0.396,0.228,0
2050,12,0.81,0.3,0.11,19.7,0.081,0.032,0.015,0
8580,280,5.12,5.86,0.433,0.2,0,0.044,0.061,0
0,17,0.05,0.02,0.021,11.8,0,0.002,0,0
20210,118,2.26,1.69,0.55,0,0,0.985,0.103,0
35730,10,1.49,3.36,0.182,0,0.348,0.251,0.002,0.00116
19230,17,1.67,4.54,0.081,0,0.07,0.139,0.01,0.00165
1400,41,0.8,0.33,0.077,5,0.04,0.03,0.023,0
19060,17,1.52,3.84,0.071,0,0.074,0.146,0.007,0.00127
0,0,0,0,0,25,0,0,0,0.00025
350,3,0.03,0.08,0.005,0,0.03,0.04,0.004,0
27170,14,2.67,9.28,0.092,0,0.066,0.211,0.007,0.00288
910,30,1.47,0.19,0.096,14.7,0.021,0.022,0.024,0
620,13,0.22,0.31,0.11,8,0.026,0.04,0.018,0
20260,11,0.62,2.41,0.073,0,0.655,0.272,0,0.00055
730,14,0.41,0.54,0.094,18.9,0.038,0.053,0.003,0
1640,34,1.3,0.27,0.183,9.2,0.075,0.052,0.013,0
1630,74,0.52,0.49,0.076,9.6,0.073,0.096,0.1,0
31000,11,0.73,2.09,0.085,0,0.676,0.271,0,0.00064
9340,5,0.52,1.02,0.052,0.3,0.396,0.242,0.001,0.00084
17970,6,0.9,1.84,0.078,0,0.879,0.23,0.006,0.0008
8980,26,2.35,1.58,0.205,4,0.245,0.071,0.187,0
1820,65,8.17,2.23,0.266,2.6,0.065,0.135,0.075,0
21250,160,8.7,2.2,1,0,0.9,0.193,0.444,0
21150,269,3.71,3.12,1.031,0,0.205,1.138,0.044,0
920,9,0.46,0.12,0.065,74.4,0.059,0.03,0.016,0
23620,14,0.97,0.48,0.039,0,0.008,0.044,0.002,0.00117
1730,8,0.43,0.32,0.129,0,0.086,0.014,0.012,0
17210,57,6.81,5.3,1.834,1.4,0.325,0.285,0.238,0
2000,46,1.73,0.25,0.472,26.7,0.148,0.104,0.038,0
2240,9,0.62,0.35,0.093,17.3,0.098,0.048,0.035,0
8130,26,3.05,1.87,0.271,0.4,0.162,0.046,0.142,0
22440,8,0.12,1,0.037,0,0.208,0.097,0.006,0.00235
19610,23,1.42,3.41,0.067,0,0.061,0.095,0.011,0.00101
2270,101,1.12,0.2,0.058,13.8,0.04,0.053,0.07,0
40960,478,12.66,11.69,1.18,2.4,2.102,0.399,0.229,0
790,17,0.33,0.07,0.019,3.3,0.03,0.027,0.017,0
36490,277,15.7,4.89,1.658,6,0.874,0.87,0.375,0
18860,80,1.49,0.65,0.093,2,0.075,0.074,0.015,0.002
32850,7,2.7,5.4,0.071,0,0.068,0.185,0.01,0.00197
3130,11,1.51,0.71,0.295,0,0.015,0.015,0.003,0
20470,239,1.06,1.02,0.084,0,0.016,0.193,0.01,0.0003
2090,20,0.45,0.42,0.078,97,0.046,0.068,0.03,0
2130,67,1.77,0.5,0.225,27,0.067,0.162,0.062,0
6120,47,3.43,2,0.117,1.7,0.048,0.105,0.023,0
1600,123,0.3,0.37,0,0,0.02,0.14,0.01,0.00037
1040,15,0.35,0.17,0.085,4.1,0.011,0.166,0.009,0
20360,5,4.9,4,9.755,1.3,0.189,2.755,0.29,0.0593
4930,21,1.81,0.65,0.18,0,0.055,0.034,0.05,0
19380,6,0.87,1.97,0.142,0,0.53,0.209,0.001,0.00041
28690,14,0.92,2.67,0.123,0,0.44,0.373,0,0.0005
18430,4,0.8,2,0.1,1.6,0,0,0,0
24350,13,1.06,0.49,0.023,0,0.048,0.162,0.002,0.0012
19740,18,0.79,1.74,0.056,0.6,0.901,0.248,0.001,0.00053
19910,96,2.13,1.57,0.54,0,0.054,0.357,0.021,0.00014
23480,72,0.56,0.57,0.06,0,0.054,0.223,0.003,0.00366
7540,53,1.75,0.83,0.139,1,0.15,0.075,0.094,0
25580,57,0.96,3.41,0.114,0,0.532,0.348,0,0.00071
17480,8,1.85,3.59,0.069,0,0.08,0.17,0.007,0.00269
330,0,0.4,0.02,0.085,1,0,0.01,0.001,0
3600,1378,0.07,0,0.003,2400,0,6.8,0,0
28890,232,4.63,2.44,0.339,0,0.078,0.363,0.013,0.00088
20360,12,2.51,7.63,0.096,0,0.095,0.26,0.003,0.00438
28040,13,2.57,6.99,0.1,0,0.1,0.22,0.008,0.00332
2260,126,0.48,0.34,0.206,1.7,0.022,0.262,0.011,0.0007
23860,132,6.74,2.68,0.941,4.8,0.621,0.233,0.625,0
0,1,0,0.01,0.005,0,0,0,0,0
23400,9,2.39,5.98,0.09,0,0.07,0.19,0.008,0.00237
2030,12,0.65,0.47,0.122,11.4,0.05,0.102,0.029,0
8970,73,2.84,1.09,0.149,0,0.236,0.059,0.137,0
1700,100,0.9,0.42,0.295,24,0.06,0.1,0.11,0
2300,83,0.32,0.24,0.046,3.1,0.02,0.081,0.007,0
2010,38,0.69,0.32,0.161,19.6,0.107,0.106,0.006,0
17630,60,0.9,1.65,0.139,0,0.01,0.12,0.004,0.00344
1210,47,0.56,0.18,0.023,42,0.05,0.03,0.057,0
21640,7,0.84,3.18,0.057,0,0.525,0.423,0.001,0.00064
18290,46,0.59,5.95,0.922,7,0.043,0.043,0.044,0.009
0,1,0,0.01,0,0,0,0,0,0
7000,43,0.79,0.26,0.129,0,0.03,0.02,0,0
16390,83,1.12,0.53,0.078,0,0.06,0.2,0.005,0.01
900,41,0.6,0.13,0.065,15.1,0.072,0.017,0.019,0
5330,10,2.57,0.28,0.171,1.1,0.17,0.073,0.014,0
1480,10,0.28,0.1,0.047,6.5,0.042,0.028,0.01,0
1320,10,0.68,0.19,0.014,21.5,0.073,0.097,0.009,0
17210,57,6.81,5.3,1.834,1.4,0.325,0.285,0.238,0
21750,25,1,2.2,0.057,0.3,0.82,0.329,0.004,0.00076
28150,14,3.14,9.82,0.126,0,0.09,0.313,0.007,0.00518
850,10,0.39,0.11,0.042,70.1,0.1,0.078,0.02,0
8280,71,1.29,0,0,0,0,0,0,0
520,18,0.72,0.27,0.201,5,0.107,0.028,0.019,0
0,4,0.03,0.01,0.008,2.8,0.006,0.01,0.004,0.00001
1140,137,0.8,0.14,0.253,27.4,0.045,0.072,0.118,0
2100,5,0.41,0.33,0.237,15.1,0.129,0.025,0.012,0
250,13,0.02,0,0.005,0,0.025,1.417,0,0.0025
1890,10,0.73,0.33,0.134,8.6,0.081,0.031,0.018,0
1280,20,0.52,0.34,0.073,6.8,0.036,0.047,0.013,0
3640,26,0.48,0.24,0.034,45.7,0.103,0.113,0.101,0
19480,5,1.99,4.37,0.076,0,0.11,0.18,0.007,0.003
18420,6,1.7,3.71,0.071,0,0.09,0.15,0.006,0.00225
19440,17,1.63,0.69,0.05,0,0.03,0.084,0.004,0.00255
0,0,0,0,0,0,0,0,0,0
4200,309,1.2,0.44,0.293,80,0.16,0.44,0.03,0
5470,26,1,0.62,0.109,1.8,0.02,0.05,0.033,0
8340,27,1.21,0.7,0.161,81,0.988,0.11,0.046,0
27630,53,0.93,3.2,0.118,0,0.536,0.369,0,0.00079
70,0,0,0,0,0,0,0,0,0
20150,13,1.98,4.93,0.069,0,0.07,0.154,0.003,0.00168
25000,1412,7.7,3.6,0.8,5.6,0.112,1.938,0.033,0.00203
2860,99,2.71,0.53,0.13,28.1,0.078,0.189,0.194,0
18560,11,2.13,2.62,0.09,15.3,0.105,0.46,0.003,0.0164
0,0,0.12,0.07,0.05,0,0.008,0,0,0
1080,9,0.62,0.06,0.053,58.7,0.069,0.038,0.014,0
23980,70,0.51,1.64,0.379,0,0,0,0,0
22250,9,0.43,0.46,0.064,0,0.132,0.207,0.006,0.00469
21350,6,0.77,1.82,0.052,0,0.631,0.237,0,0.00049
24600,275,11.88,0.95,0.11,0,0.19,0.62,0.05,0.02
5300,61,0.6,0.83,1.069,6.1,0.29,0.17,0.049,0
20040,117,2.61,3.36,0.907,0.5,0.189,0.196,0.083,0
3230,25,0.73,0.59,0.137,31.8,0.121,0.131,0.191,0
120,3,0.02,0.01,0.002,0,0.005,0.023,0,0
23580,143,8.2,2.79,0.958,4.5,0.529,0.219,0.394,0
6590,130,0.96,0.85,0.014,19.4,0.17,0.19,0,0.0006
24290,31,0.81,3.21,0.094,0,0.482,0.379,0,0.00079
2550,36,1.2,0.33,0.083,62,0.107,0.08,0.06,0
27570,7,0.97,4.11,0.073,0,0.481,0.387,0.001,0.00069
4320,36,2.98,0.63,0.365,21.9,0.06,0.153,0.012,0
21690,9,1.17,2.82,0.099,0,0.394,0.199,0.002,0.00046
17300,70,3.7,3.8,1.279,0.4,0.2,0.2,0.05,0
890,36,0.46,0.12,0.05,8,0.026,0.024,0.021,0
370,3,0.87,0.14,0.085,1,0,0.033,0.001,0
24330,138,8.61,3.5,0.879,1.6,0.887,0.235,0.658,0
2570,114,1.9,0.5,0.251,24.9,0.117,0.289,0.014,0
18480,22,0.6,0.72,0.038,0,0.56,0.12,0.015,0.0013
26650,19,2.47,9.73,0.078,0,0.075,0.193,0.006,0.00324
2090,49,0.77,0.38,0.089,2.6,0.039,0.058,0.02,0
12140,1633,0.11,0.3,0.11,30.7,0.191,0.423,0.095,0
0,3,0,0,0.009,0,0,0,0,0
1360,22,0.24,0.21,0.067,5.2,0.042,0.023,0.015,0
2010,22,0.54,0.17,0.031,48.8,0.051,0.07,0.064,0
720,24,0.29,0.1,0.04,2.4,0.03,0.057,0.003,0
6380,4,0.42,0.84,0.04,0,0.386,0.236,0.001,0.00082
19940,25,0.31,0.45,0.046,2.9,0.12,0.09,0.011,0.0043
52200,140,2.1,5.1,1.8,0,0.7,0.48,0.248,0
6150,41,0.79,0.51,0.621,0,0.112,0.118,0.087,0
30390,12,0.66,2.25,0.109,0,0.722,0.332,0,0.00094
70,0,0,0,0,0,0,0,0,0
24690,73,0.71,0.86,0.065,3.8,0.067,0.077,0.017,0.0023
26120,103,6.7,3.14,0.824,1.4,0.555,0.333,0.423,0
2810,127,2.3,0.46,0.18,14.3,0.016,0.138,0.098,0
0,1,0.09,0.01,0,0,0.011,0,0,0.00091
2840,138,0.94,0.18,0.047,25.2,0.043,0.114,0.014,0
11910,63,2.27,1.37,0.345,6.1,0.2,0.155,0.311,0
1610,16,0.8,0.35,0.075,4.9,0.031,0.04,0.109,0
23190,241,2.04,1.02,0.147,0.9,0.04,0.212,0.005,0.00694
18260,7,0.9,2.05,0.089,0,0.889,0.24,0.003,0.0008
25730,29,1.49,0.86,0.119,2.1,0.135,0.54,0.002,0.00423
2470,118,1.51,0.17,0.057,26.8,0.044,0.091,0.074,0
22730,19,1.08,0.51,0.04,0,0.115,0.037,0.01,0.00441
19110,19,1.14,2.38,0.082,0,0.08,0.068,0.001,0.00051
29130,13,1.39,0.9,0.071,0,0.038,0.12,0.005,0.0022
1870,25,0.75,0.25,0.077,5.7,0.053,0.025,0.012,0
2950,33,0.73,0.64,0.041,88.1,0.08,0.102,0.057,0
2380,123,0.43,0.23,0.086,0,0.037,0.201,0.009,0.001
210,188,0.3,0,0,0,0,0,0,0.00125
2630,19,0.5,0.32,0.054,5.3,0.058,0.14,0.126,0
0,13,0.02,0,0.005,0,0.025,0.34,0,0
22450,12,1.15,2.29,0.142,0,0.462,0.225,0.001,0.00057
16880,14,0.88,2.2,0.045,0.7,0.732,0.235,0.005,0.0007
1890,44,0.65,0.25,0.057,9.7,0.074,0.097,0.033,0
18550,55,3.31,10.3,0.69,0.3,0.034,0.052,0.009,0
2460,114,1.63,0.16,0.051,25.8,0.044,0.088,0.041,0
19090,24,1.38,3.38,0.063,0,0.051,0.081,0.01,0.00106
1930,13,0.47,0.26,0.075,6.9,0.184,0.061,0.017,0
15570,51,1.2,1.38,0.231,1.1,0.134,0.053,0.059,0
22410,5,0.51,1.59,0.057,0,0.693,0.19,0,0.00051
26540,51,0.81,3.11,0.098,0,0.486,0.316,0,0.00062
18490,6,0.94,1.93,0.084,0,0.836,0.23,0.006,0.00082
17190,15,0.97,2.83,0.116,0,0.474,0.335,0,0.00096
13690,16,5.53,6.45,1.324,0.8,0.364,0.227,0.034,0
7640,8,0.61,1.31,0.069,0,0.287,0.091,0.002,0.00042
26020,37,0.67,0.63,0.122,0,0.01,0.05,0.017,0.0023
21430,249,0.7,1,0.1,0,0.02,0.16,0.02,0.0044
8870,92,7.16,61.04,4.439,0,0.025,0.112,0.01,0.01291
28050,6,2.79,7.39,0.115,0,0.07,0.23,0.008,0.00258
23820,37,4.82,3.55,0.815,1.8,0.726,0.215,0.274,0
19820,25,1.43,3.5,0.065,0,0.052,0.084,0.011,0.0011
6400,24,1.51,0.49,0.062,19.3,0.092,0.067,0.032,0
16150,9,1.7,3.6,0.057,0,0.08,0.13,0.005,0.00276
27580,5,0.63,2.15,0.083,0,0.658,0.195,0,0.00056
12720,61,2.12,4.31,0.738,2,0.867,0.131,0.04,0
21280,13,2.04,5.15,0.073,0,0.07,0.165,0.003,0.00173
66670,256,0.92,7.14,1,0.8,0.714,0.857,0,0.00227
7900,629,6.73,2.13,1.631,0,0.27,0.68,0.295,0
70,0,0,0,0,0,0,0,0,0
23470,19,1.18,3.45,0.111,0.2,0.522,0.302,0.004,0.00071
5420,25,1.47,1.24,0.176,40,0.266,0.132,0.065,0
23360,240,10.44,3.67,0.984,0,0.437,0.146,0.388,0
20310,6,0.44,1.23,0.053,0,0.511,0.141,0.004,0.00037
4390,46,5.94,0.51,0.882,15.3,0.071,0.075,0.017,0
33930,6,3.4,4.58,0.129,0,0.12,0.315,0.014,0.0039
2600,81,1.3,0.23,0.17,69,0.08,0.26,0.08,0
4820,113,6.14,7.52,5.07,1.4,0.826,0.35,0.16,0
1200,14,0.96,0.22,0.115,7,0.024,0.065,0.009,0
210,1,0.04,0.01,0.009,32.8,0,0,0,0
780,8,0.3,0.06,0.017,177,0.042,0.048,0.002,0
4620,31,1.11,0,0,0,0,0,0,0
1000,11,0.46,0.17,0.107,183.5,0.028,0.025,0.026,0
1930,82,0.62,0.58,0.109,23,0.2,0.06,0.06,0
5070,17,1.52,0.63,0.179,8.2,0.168,0.096,0.033,0
500,57,0.26,0.1,0.028,2.3,0.045,0.057,0.008,0
2000,140,1.8,0.28,0.115,18,0.13,0.175,0.013,0
17340,8,0.86,1.79,0.101,0,0.402,0.187,0.002,0.00047
78130,469,1.13,6.18,0.049,0,0.609,2.017,0.033,0.00245
1500,32,0.3,0.18,0.029,15.8,0.044,0.044,0.053,0
27030,16,0.9,2.31,0.112,0,0.489,0.379,0,0.00067
20280,63,3.72,1.46,0.25,0,2.343,0.402,0.026,0
2980,48,0.88,0.4,0.045,93.2,0.065,0.119,0.071,0
18990,12,0.4,0.37,0.072,0,0.088,0.1,0.015,0.001
33800,130,4.74,5.99,2.039,0,0.457,0.172,0.133,0
22760,13,2.44,5,0.078,0,0.06,0.16,0.006,0.0029
1500,58,0.8,0.38,0.093,30,0.04,0.13,0.015,0
3270,92,1.6,0.56,0.157,58.1,0.078,0.115,0.105,0
100,1,0.06,0.03,0.04,0,0.004,0.012,0,0
6390,67,2.38,0.35,0.65,15,0.295,0.36,0.109,0
28210,37,1.6,1.05,0.11,1,0.038,0.122,0.01,0.00219
6200,86,0.9,1.03,1.321,7.6,0.41,0.24,0.059,0
70,0,0,0,0,0,0,0,0,0
0,0,0,0,0,24.7,0,0,0,0
1740,11,0.86,0.26,0.129,44.9,0.054,0.081,0.023,0
35620,4,3.27,4.5,0.122,0,0.07,0.25,0.009,0.00268
19680,215,0.64,0.76,0.069,0,0.023,0.186,0.015,0.0044
18200,32,0.86,0.52,0.065,0,0.09,0.13,0.018,0.0021
0,2,0.02,0.01,0,0,0,0,0,0
960,26,0.43,0.2,0.043,3.6,0.027,0.037,0.003,0
17400,13,4.6,1.92,0.426,9.4,0.357,2.84,0.098,0.0275
21990,18,0.65,1.86,0.066,0,0.51,0.198,0,0.0005
22230,17,0.36,0.43,0.041,0,0.027,0.226,0.01,0.00159
20360,19,1.91,3.19,0.052,0,0.048,0.241,0.003,0.0018
1000,19,0.43,0.8,0.034,84,0.04,0.04,0.072,0
0,1,0,0,0.005,5.2,0,0,0,0
5250,72,3.38,2.57,1.312,61.3,0.802,0.38,0.109,0
2100,30,0.36,0.45,0.084,141,0.053,0.074,0.044,0
37810,206,6.37,3.92,2.92,0,0.581,1.16,0.345,0
16380,14,0.3,0.51,0.034,0.7,0.21,0.072,0.01,0.00223
19420,11,2.42,7.58,0.077,0,0.08,0.197,0.003,0.0031
3580,4,0.25,0.57,0.291,0,0.096,0.463,0.02,0
26440,21,1.62,4.82,0.073,0,0.077,0.138,0.008,0.00137
15490,576,4.96,3.44,0.73,0,0.267,1.4,0.014,0.00118
32620,14,2.83,7.61,0.12,0,0.065,0.217,0.011,0.00253
16470,7,0.82,2.35,0.09,0.3,0.54,0.22,0.003,0.0013
0,3,0.18,0.05,0.018,0,0,0,0,0
19090,26,0.37,0.99,0.072,0,0.14,0.12,0.015,0.001
3170,128,1.12,1.03,0.133,2.2,0.101,0.148,0.127,0
70,0,0,0,0,0,0,0,0,0
9500,72,2.8,5.07,1.167,0.7,0.45,0.107,0.016,0
3200,17,0.44,0,0,0,0,0,0.017,0
27040,54,1.65,3.08,0.838,0,0.09,0.153,0.126,0
28920,20,3.44,4.8,0.076,0,0,0.255,0.007,0.00219
27630,6,2.83,6.73,0.12,0,0.09,0.26,0.008,0.00281
1000,21,0.8,0.32,0.127,9,0.05,0.11,0.016,0
10580,45,6.04,1.02,0.228,31.4,0.081,1.205,0.051,0
9200,67,2.47,4.47,1.2,0.7,0.473,0.11,0.015,0
2720,43,3.2,0.2,0.133,1,0.068,0.136,0.025,0
3280,3,0.4,0.65,0.389,0,0.072,0.403,0.019,0
1100,23,0.21,0.17,0.039,7.4,0.046,0.027,0.019,0
1150,26,0.9,0.29,0.038,4.8,0.015,0.056,0.032,0
2440,11,1.24,0.36,0.334,15.1,0.12,0.032,0.012,0
3340,2,0.55,0.54,0.057,6.2,0.09,0.053,0.02,0
19290,5,2.61,4.09,0.148,1.3,0.022,0.294,0.007,0.00313
15200,360,7.6,0.66,0.657,118,0.8,0.4,0.366,0
1480,52,0.09,0.15,0.002,0,0.053,0.16,0,0
220,3,0.07,0.02,0.015,0.8,0,0,0,0
22560,4,0.84,1.82,0.189,0,0.468,0.23,0.001,0.00051
19710,11,2.43,7.76,0.078,0,0.08,0.19,0.003,0.00332
1490,14,0.52,0.2,0.152,12.1,0.095,0.028,0.016,0
23720,56,0.87,3.15,0.105,0,0.49,0.313,0,0.00066
23600,7,5.83,3.09,0.508,2,0.555,1.702,0.004,0.00379
50,0,0,0,0,0,0,0,0,0.00338
3400,27,1.09,0.52,0.089,11.2,0.19,0.081,0.036,0
22040,11,1.12,2.29,0.118,0,0.384,0.182,0.002,0.00058
2130,37,0.87,0.36,0.174,10,0.076,0.124,0.008,0
3270,2,0.52,0.46,0.054,6.8,0.155,0.055,0.042,0
3410,3,0.45,0.62,0.049,5.5,0.093,0.057,0.023,0
560,42,0.37,0.06,0.053,10.8,0.015,0.02,0,0
21460,81,7.51,2.83,0.74,0,0.507,0.202,0.395,0
6990,63,1.33,0.61,0.259,0.1,0.052,0.019,0.024,0
8040,29,2.4,1.03,0.215,0,0.161,0.055,0.15,0
17280,64,4.12,4.89,1.597,2.7,0.053,0.163,0.237,0
15580,32,0.68,1.53,1.891,4.7,0.02,0.412,0.005,0.0013
48060,114,6.62,4.95,1.713,1.3,3.187,0.266,0.222,0
2080,54,1.32,0.16,0.021,16,0.05,0.08,0.035,0
2200,117,2.57,0.38,0.191,30,0.1,0.22,0.015,0
19000,6,1.58,3.14,0.069,0,0.09,0.14,0.006,0.00275
22820,9,1.05,2.2,0.097,0,0.239,0.23,0.001,0.00057
820,17,0.34,0.74,0.123,7.7,0.025,0.029,0.093,0
200,8,0.24,0.07,0.045,0,0.018,0.018,0,0
10510,20,2.38,0.43,0.135,0,0.059,0.152,0.018,0
70,0,0,0,0,0,0,0,0,0
4070,28,1.61,0.64,0.162,8.7,0.029,0.043,0.016,0
26570,7,2.15,4.53,0.069,0,0.067,0.133,0.008,0.00136
25440,15,1.03,0.82,0.321,0,0.275,0.487,0.029,0.00305
19870,12,0.69,2.02,0.131,0,0.47,0.307,0,0.00054
26070,6,3.24,5.06,0.143,0,0.11,0.25,0.008,0.00227
2050,35,0.19,0.24,0.022,6,0.079,0.077,0.007,0
1870,77,0.28,0.43,0.085,16.3,0.132,0.055,0.046,0
9160,62,2.48,1.06,0.186,1.8,0.187,0.103,0.081,0
8670,28,2.94,1.07,0.242,1.2,0.16,0.058,0.13,0
10070,176,1.7,0,0,0,0,0,0,0
14300,35,3.2,0.8,0,0,0.1,0.2,0,0.0035
2470,123,0.44,0.25,0,0,0,0.21,0.01,0.00123
7040,43,0.98,0.59,0.25,0.1,0.025,0.015,0.041,0
6760,43,1.11,0.9,0.269,0,0.146,0.059,0.111,0
9050,30,1.35,0.79,0.049,0,0.04,0.24,0.044,0
7040,64,1.27,0.59,0.26,0.1,0.05,0.019,0.021,0
15800,20,3.5,0.6,0,0,0.3,0.3,0,0.0039
10920,149,1.69,0,0,1.1,0,0,0,0
2350,176,0.64,0,0,17.6,0,0,0,0
10400,18,1.6,0.8,0,0,0.1,0.1,0,0.0007
2060,123,0,0.37,0,0,0,0.21,0.007,0.00037
9730,90,3.7,1.38,0.287,0,0.118,0.046,0.081,0
10180,246,1.6,0,0,0,0,0.44,0,0.00145
8140,40,4.58,2.85,0.341,0,0.27,0.037,0.004,0
7020,27,1.4,0.84,0.156,1,0.164,0.061,0.159,0
2350,176,0.64,0,0,17.6,0,0,0,0
8080,350,5.36,0.8,0.193,0.1,0.081,0.052,0.015,0
8040,29,2.4,1.03,0.215,0,0.161,0.055,0.15,0
2470,123,0.44,0.37,0,0,0,0.14,0.007,0.00037
9010,46,2.09,0.98,0.219,0.8,0.193,0.062,0.172,0